L,scheme,dtype,interp,boundary_mode,oob_policy,value_repr,batch_size,threads_torch,threads_numba,float_accuracy_mean,float_f1_mean,float_roc_auc_mean,float_pr_auc_mean,lut_numpy_accuracy_mean,lut_numpy_f1_mean,lut_numpy_roc_auc_mean,lut_numpy_pr_auc_mean,lut_numba_accuracy_mean,lut_numba_f1_mean,lut_numba_roc_auc_mean,lut_numba_pr_auc_mean,float_ms_per_sample_mean,lut_numpy_ms_per_sample_mean,lut_numba_ms_per_sample_mean,lut_numpy_e2e_ms_per_sample_mean,lut_numba_e2e_ms_per_sample_mean,float_total_bytes_mean,lut_total_bytes_mean,lut_q_table_bytes_mean,lut_scale_bytes_mean,lut_y_min_bytes_mean,lut_knots_bytes_mean,float_accuracy_std,float_f1_std,float_roc_auc_std,float_pr_auc_std,lut_numpy_accuracy_std,lut_numpy_f1_std,lut_numpy_roc_auc_std,lut_numpy_pr_auc_std,lut_numba_accuracy_std,lut_numba_f1_std,lut_numba_roc_auc_std,lut_numba_pr_auc_std,float_ms_per_sample_std,lut_numpy_ms_per_sample_std,lut_numba_ms_per_sample_std,lut_numpy_e2e_ms_per_sample_std,lut_numba_e2e_ms_per_sample_std,float_total_bytes_std,lut_total_bytes_std,lut_q_table_bytes_std,lut_scale_bytes_std,lut_y_min_bytes_std,lut_knots_bytes_std
2,asymmetric,uint8,linear,closed,clip_x,spline_component,1,1,1,0.9899491507086445,0.9900067768897303,0.9991061054136088,0.9990538477962826,0.9872768581629341,0.9874192306046472,0.9987906963264297,0.9986899189987554,0.9872768581629341,0.9874192306046472,0.9987906963264299,0.9986899188950422,162.58134975992144,7.3692698800936345,0.02654891982674599,178.28169300220907,176.74665299244225,200368.0,199728.0,66528.0,66528.0,66528.0,144.0,0.0,0.0,0.0,0.0,0.0,0.0,0.0,0.0,0.0,0.0,0.0,0.0,35.95200139757471,1.42948826413738,0.004639125138661873,33.832774494455094,33.96551865833068,0.0,0.0,0.0,0.0,0.0,0.0
2,asymmetric,uint8,linear,closed,clip_x,spline_component,256,1,1,0.9899491507086445,0.9900067768897303,0.9991061054136088,0.9990538477962826,0.9872768581629341,0.9874192306046472,0.9987906963264297,0.9986899189987554,0.9872768581629341,0.9874192306046472,0.9987906963264299,0.9986899188950422,0.91342942148367,0.06705156054886174,0.013871819532141672,0.7456611718953354,0.7059740156364569,200368.0,199728.0,66528.0,66528.0,66528.0,144.0,0.0,0.0,0.0,0.0,0.0,0.0,0.0,0.0,0.0,0.0,0.0,0.0,0.17582091234836172,0.012789015189600727,0.0023182310646837835,0.16770932351572593,0.14234824487245382,0.0,0.0,0.0,0.0,0.0,0.0
2,asymmetric,uint8,linear,closed,zero_spline,spline_component,1,1,1,0.9899491507086445,0.9900067768897303,0.9991061054136088,0.9990538477962826,0.9872552201666126,0.9873981043668028,0.9987876623717362,0.9986874151208296,0.9872552201666126,0.9873981043668028,0.998787662371736,0.9986874150234953,163.4853001996875,8.319840599782765,0.02752163987606764,182.36546299885958,175.0709689920768,200368.0,199728.0,66528.0,66528.0,66528.0,144.0,0.0,0.0,0.0,0.0,0.0,0.0,0.0,0.0,0.0,0.0,0.0,0.0,38.02244507072378,1.9652651421943326,0.0057121671594769705,37.326017926698526,31.437836451208987,0.0,0.0,0.0,0.0,0.0,0.0
2,asymmetric,uint8,linear,closed,zero_spline,spline_component,256,1,1,0.9899491507086445,0.9900067768897303,0.9991061054136088,0.9990538477962826,0.9872552201666126,0.9873981043668028,0.9987876623717362,0.9986874151208296,0.9872552201666126,0.9873981043668028,0.998787662371736,0.9986874150234953,0.8960977374972572,0.06609031562584278,0.012932056251884205,0.6829375781308045,0.6565672382930643,200368.0,199728.0,66528.0,66528.0,66528.0,144.0,0.0,0.0,0.0,0.0,0.0,0.0,0.0,0.0,0.0,0.0,0.0,0.0,0.14154661083179165,0.0006980329178341056,0.0001003100337629685,0.018756345164004446,0.008478875699158112,0.0,0.0,0.0,0.0,0.0,0.0
2,asymmetric,uint8,linear,half_open,clip_x,spline_component,1,1,1,0.9899491507086445,0.9900067768897303,0.9991061054136088,0.9990538477962826,0.9872768581629341,0.9874192306046472,0.9987906963264297,0.998689918666764,0.9872768581629341,0.9874192306046472,0.9987906963264297,0.9986899189700825,159.05414364002644,7.829784880019725,0.030195639841258524,182.1151669882238,176.5158939966932,200368.0,199728.0,66528.0,66528.0,66528.0,144.0,0.0,0.0,0.0,0.0,0.0,0.0,0.0,0.0,0.0,0.0,0.0,0.0,26.419817350454004,1.8513936325559779,0.01190147701215563,42.18771712704278,34.6592889949104,0.0,0.0,0.0,0.0,0.0,0.0
2,asymmetric,uint8,linear,half_open,clip_x,spline_component,256,1,1,0.9899491507086445,0.9900067768897303,0.9991061054136088,0.9990538477962826,0.9872768581629341,0.9874192306046472,0.9987906963264297,0.998689918666764,0.9872768581629341,0.9874192306046472,0.9987906963264297,0.9986899189700825,0.9529829105467797,0.07077901054981339,0.014160180076942197,0.7366943359193101,0.722535921868257,200368.0,199728.0,66528.0,66528.0,66528.0,144.0,0.0,0.0,0.0,0.0,0.0,0.0,0.0,0.0,0.0,0.0,0.0,0.0,0.26356581908968907,0.02010182123771338,0.0028572174345581234,0.13930340645375372,0.17199260347318768,0.0,0.0,0.0,0.0,0.0,0.0
2,asymmetric,uint8,linear,half_open,zero_spline,spline_component,1,1,1,0.9899491507086445,0.9900067768897303,0.9991061054136088,0.9990538477962826,0.9872552201666126,0.9873981043668028,0.9987876623717362,0.9986874151208296,0.9872552201666126,0.9873981043668028,0.998787662371736,0.9986874150234953,158.90986692011356,8.105569439940155,0.028957759961485863,187.54558800254017,177.77951299678534,200368.0,199728.0,66528.0,66528.0,66528.0,144.0,0.0,0.0,0.0,0.0,0.0,0.0,0.0,0.0,0.0,0.0,0.0,0.0,28.717866582838827,0.9523009781254882,0.00853920120466912,50.767399278014466,36.112429612213845,0.0,0.0,0.0,0.0,0.0,0.0
2,asymmetric,uint8,linear,half_open,zero_spline,spline_component,256,1,1,0.9899491507086445,0.9900067768897303,0.9991061054136088,0.9990538477962826,0.9872552201666126,0.9873981043668028,0.9987876623717362,0.9986874151208296,0.9872552201666126,0.9873981043668028,0.998787662371736,0.9986874150234953,0.8777543906253413,0.06709443319959973,0.012907703516248148,0.6789313398257946,0.6431467148286174,200368.0,199728.0,66528.0,66528.0,66528.0,144.0,0.0,0.0,0.0,0.0,0.0,0.0,0.0,0.0,0.0,0.0,0.0,0.0,0.09741715662252538,0.0004494007576399703,5.5515099103097236e-05,0.0017672306948742073,0.003083029097615842,0.0,0.0,0.0,0.0,0.0,0.0
2,symmetric,int8,linear,closed,clip_x,spline_component,1,1,1,0.9899491507086445,0.9900067768897303,0.9991061054136088,0.9990538477962826,0.9872876771610949,0.9874297940625836,0.9987923795158007,0.9986921577280977,0.9872876771610949,0.9874297940625836,0.9987923795158007,0.9986921565795928,162.69639015998692,7.625726559758187,0.02680192030966282,182.29338799603283,180.7958330027759,200368.0,199728.0,66528.0,66528.0,66528.0,144.0,0.0,0.0,0.0,0.0,0.0,0.0,0.0,0.0,0.0,0.0,0.0,0.0,34.04626248617915,1.7291847863952792,0.004065446623239301,38.27022792818935,43.06711135479497,0.0,0.0,0.0,0.0,0.0,0.0
2,symmetric,int8,linear,closed,clip_x,spline_component,256,1,1,0.9899491507086445,0.9900067768897303,0.9991061054136088,0.9990538477962826,0.9872876771610949,0.9874297940625836,0.9987923795158007,0.9986921577280977,0.9872876771610949,0.9874297940625836,0.9987923795158007,0.9986921565795928,0.9164913460954267,0.06779113359152689,0.01420499804407882,0.734082250019128,0.7080154101640801,200368.0,199728.0,66528.0,66528.0,66528.0,144.0,0.0,0.0,0.0,0.0,0.0,0.0,0.0,0.0,0.0,0.0,0.0,0.0,0.19422574204092796,0.01575687562766205,0.002698014014222057,0.147468095361414,0.1531618920806122,0.0,0.0,0.0,0.0,0.0,0.0
2,symmetric,int8,linear,closed,zero_spline,spline_component,1,1,1,0.9899491507086445,0.9900067768897303,0.9991061054136088,0.9990538477962826,0.9872660391647733,0.9874086673727227,0.9987830051576412,0.9986822759064673,0.9872660391647733,0.9874086673727227,0.998783005157641,0.9986822748768288,162.04043147992343,8.242163599841296,0.026612439937889577,180.65872099716216,175.29718600213528,200368.0,199728.0,66528.0,66528.0,66528.0,144.0,0.0,0.0,0.0,0.0,0.0,0.0,0.0,0.0,0.0,0.0,0.0,0.0,34.720445966614,1.8130593807481123,0.0036657739354825298,39.52018754587041,31.512854586651944,0.0,0.0,0.0,0.0,0.0,0.0
2,symmetric,int8,linear,closed,zero_spline,spline_component,256,1,1,0.9899491507086445,0.9900067768897303,0.9991061054136088,0.9990538477962826,0.9872660391647733,0.9874086673727227,0.9987830051576412,0.9986822759064673,0.9872660391647733,0.9874086673727227,0.998783005157641,0.9986822748768288,0.9263643210942973,0.07347631874836225,0.014169258203764912,0.7418967460944259,0.6991838710928278,200368.0,199728.0,66528.0,66528.0,66528.0,144.0,0.0,0.0,0.0,0.0,0.0,0.0,0.0,0.0,0.0,0.0,0.0,0.0,0.20423750336909013,0.014730962834722956,0.0022817309569476106,0.11676839771289269,0.12173122515958866,0.0,0.0,0.0,0.0,0.0,0.0
2,symmetric,int8,linear,half_open,clip_x,spline_component,1,1,1,0.9899491507086445,0.9900067768897303,0.9991061054136088,0.9990538477962826,0.9872876771610949,0.9874297940625836,0.9987923795158007,0.9986921580779204,0.9872876771610949,0.9874297940625836,0.9987923795158007,0.998692156658118,159.79966111984103,7.720411879941821,0.026788559928536414,184.79290300048888,176.77315200213343,200368.0,199728.0,66528.0,66528.0,66528.0,144.0,0.0,0.0,0.0,0.0,0.0,0.0,0.0,0.0,0.0,0.0,0.0,0.0,29.015016562169485,1.6803837554603551,0.0049260404596272855,31.235609136687163,35.17624557075889,0.0,0.0,0.0,0.0,0.0,0.0
2,symmetric,int8,linear,half_open,clip_x,spline_component,256,1,1,0.9899491507086445,0.9900067768897303,0.9991061054136088,0.9990538477962826,0.9872876771610949,0.9874297940625836,0.9987923795158007,0.9986921580779204,0.9872876771610949,0.9874297940625836,0.9987923795158007,0.998692156658118,0.9127607160171465,0.06867535976743966,0.01434240390699415,0.7300390625096043,0.6940596171807556,200368.0,199728.0,66528.0,66528.0,66528.0,144.0,0.0,0.0,0.0,0.0,0.0,0.0,0.0,0.0,0.0,0.0,0.0,0.0,0.17255914592317728,0.015591413190646787,0.0026519165356154867,0.12848149227835778,0.09385292920600073,0.0,0.0,0.0,0.0,0.0,0.0
2,symmetric,int8,linear,half_open,zero_spline,spline_component,1,1,1,0.9899491507086445,0.9900067768897303,0.9991061054136088,0.9990538477962826,0.9872660391647733,0.9874086673727227,0.9987830051576412,0.9986822759064673,0.9872660391647733,0.9874086673727227,0.998783005157641,0.9986822748768288,146.70913556031883,7.682774280384183,0.025476239807903766,164.04237899929285,167.41508199833333,200368.0,199728.0,66528.0,66528.0,66528.0,144.0,0.0,0.0,0.0,0.0,0.0,0.0,0.0,0.0,0.0,0.0,0.0,0.0,0.881587760571521,0.14597068690065731,0.0007969916126434366,2.3975484068009307,12.30486908851218,0.0,0.0,0.0,0.0,0.0,0.0
2,symmetric,int8,linear,half_open,zero_spline,spline_component,256,1,1,0.9899491507086445,0.9900067768897303,0.9991061054136088,0.9990538477962826,0.9872660391647733,0.9874086673727227,0.9987830051576412,0.9986822759064673,0.9872660391647733,0.9874086673727227,0.998783005157641,0.9986822748768288,0.8678428699204233,0.07364711250193068,0.014150977343888371,0.7447106366998923,0.7075981015623256,200368.0,199728.0,66528.0,66528.0,66528.0,144.0,0.0,0.0,0.0,0.0,0.0,0.0,0.0,0.0,0.0,0.0,0.0,0.0,0.061354544494048764,0.01356357268959477,0.002293269093333857,0.1488090623115473,0.148578633780539,0.0,0.0,0.0,0.0,0.0,0.0
4,asymmetric,uint8,linear,closed,clip_x,spline_component,1,1,1,0.9899491507086445,0.9900067768897303,0.9991061054136088,0.9990538477962826,0.9886184139348696,0.9887163205766261,0.9989403569103568,0.9988634639096444,0.9886184139348696,0.9887163205766261,0.9989403566762552,0.9988634629861519,146.96422460004686,6.782316840067506,0.026597600243985654,164.19028099626303,162.14774100109935,200368.0,266256.0,133056.0,66528.0,66528.0,144.0,0.0,0.0,0.0,0.0,0.0,0.0,0.0,0.0,0.0,0.0,0.0,0.0,1.652804020508052,0.0876236798100552,0.0013575969497083091,0.8016534947572221,0.5690039491237133,0.0,0.0,0.0,0.0,0.0,0.0
4,asymmetric,uint8,linear,closed,clip_x,spline_component,256,1,1,0.9899491507086445,0.9900067768897303,0.9991061054136088,0.9990538477962826,0.9886184139348696,0.9887163205766261,0.9989403569103568,0.9988634639096444,0.9886184139348696,0.9887163205766261,0.9989403566762552,0.9988634629861519,0.8333176304695371,0.061866492966146325,0.013032205468334723,0.6743388124777994,0.6593971796792175,200368.0,266256.0,133056.0,66528.0,66528.0,144.0,0.0,0.0,0.0,0.0,0.0,0.0,0.0,0.0,0.0,0.0,0.0,0.0,0.01054019368178242,0.001777566324350071,0.00020928098004710695,0.009332218939818672,0.01134985002615804,0.0,0.0,0.0,0.0,0.0,0.0
4,asymmetric,uint8,linear,closed,zero_spline,spline_component,1,1,1,0.9899491507086445,0.9900067768897303,0.9991061054136088,0.9990538477962826,0.9886184139348696,0.9887163205766261,0.9989393163294451,0.9988621728749842,0.9886184139348696,0.9887163205766261,0.9989393198409668,0.9988621815030558,146.70467516016214,7.449582239985466,0.02534055970609188,164.49500599410385,162.50952600035816,200368.0,266256.0,133056.0,66528.0,66528.0,144.0,0.0,0.0,0.0,0.0,0.0,0.0,0.0,0.0,0.0,0.0,0.0,0.0,1.6283515384919898,0.0570954344771831,0.0012772982186164475,1.8980396732067824,1.4070397153838392,0.0,0.0,0.0,0.0,0.0,0.0
4,asymmetric,uint8,linear,closed,zero_spline,spline_component,256,1,1,0.9899491507086445,0.9900067768897303,0.9991061054136088,0.9990538477962826,0.9886184139348696,0.9887163205766261,0.9989393163294451,0.9988621728749842,0.9886184139348696,0.9887163205766261,0.9989393198409668,0.9988621815030558,0.835507393359876,0.06579468242125586,0.012886700002127327,0.6858437734626932,0.6496089804386429,200368.0,266256.0,133056.0,66528.0,66528.0,144.0,0.0,0.0,0.0,0.0,0.0,0.0,0.0,0.0,0.0,0.0,0.0,0.0,0.023921411833731577,0.0013476586012483504,0.00013989705324748936,0.009774532825506055,0.013107813327877825,0.0,0.0,0.0,0.0,0.0,0.0
4,asymmetric,uint8,linear,half_open,clip_x,spline_component,1,1,1,0.9899491507086445,0.9900067768897303,0.9991061054136088,0.9990538477962826,0.9886184139348696,0.9887163205766261,0.9989403569103568,0.9988634639096443,0.9886184139348696,0.9887163205766261,0.9989403566762555,0.9988634630043961,146.71758439987897,6.989163120090962,0.025706120021641254,163.8879399979487,162.06549499649554,200368.0,266256.0,133056.0,66528.0,66528.0,144.0,0.0,0.0,0.0,0.0,0.0,0.0,0.0,0.0,0.0,0.0,0.0,0.0,2.5095028077222503,0.07124719913603761,0.0009437637850641343,1.4605716526555426,2.130658810147482,0.0,0.0,0.0,0.0,0.0,0.0
4,asymmetric,uint8,linear,half_open,clip_x,spline_component,256,1,1,0.9899491507086445,0.9900067768897303,0.9991061054136088,0.9990538477962826,0.9886184139348696,0.9887163205766261,0.9989403569103568,0.9988634639096443,0.9886184139348696,0.9887163205766261,0.9989403566762555,0.9988634630043961,0.8349746781223075,0.06182716523471754,0.013108681252560928,0.6799044296894863,0.6495113124947238,200368.0,266256.0,133056.0,66528.0,66528.0,144.0,0.0,0.0,0.0,0.0,0.0,0.0,0.0,0.0,0.0,0.0,0.0,0.0,0.012822425823479608,0.001101058509160761,0.0003351232429507531,0.014688857133757048,0.0113481434563229,0.0,0.0,0.0,0.0,0.0,0.0
4,asymmetric,uint8,linear,half_open,zero_spline,spline_component,1,1,1,0.9899491507086445,0.9900067768897303,0.9991061054136088,0.9990538477962826,0.9886184139348696,0.9887163205766261,0.9989393163294451,0.9988621728749842,0.9886184139348696,0.9887163205766261,0.9989393198409668,0.9988621815030558,147.9495317198336,7.675955800153315,0.025883880071341993,164.57708700094372,162.00420799199492,200368.0,266256.0,133056.0,66528.0,66528.0,144.0,0.0,0.0,0.0,0.0,0.0,0.0,0.0,0.0,0.0,0.0,0.0,0.0,3.250013074992158,0.12218582111243252,0.001772962741684784,1.5503030982685637,1.5813958589544639,0.0,0.0,0.0,0.0,0.0,0.0
4,asymmetric,uint8,linear,half_open,zero_spline,spline_component,256,1,1,0.9899491507086445,0.9900067768897303,0.9991061054136088,0.9990538477962826,0.9886184139348696,0.9887163205766261,0.9989393163294451,0.9988621728749842,0.9886184139348696,0.9887163205766261,0.9989393198409668,0.9988621815030558,0.8391495562518685,0.06721115547043155,0.012972041015018476,0.6774009257969738,0.6469979297071404,200368.0,266256.0,133056.0,66528.0,66528.0,144.0,0.0,0.0,0.0,0.0,0.0,0.0,0.0,0.0,0.0,0.0,0.0,0.0,0.00912690452149552,0.000864937748799204,0.00010129290933470116,0.006842584907511889,0.011129850716149131,0.0,0.0,0.0,0.0,0.0,0.0
4,symmetric,int8,linear,closed,clip_x,spline_component,1,1,1,0.9899491507086445,0.9900067768897303,0.9991061054136088,0.9990538477962826,0.9886184139348696,0.9887163205766261,0.9989373503455321,0.9988597969634265,0.9886184139348696,0.9887163205766261,0.9989373491750249,0.9988597968872014,161.01973799988627,7.484620479866862,0.02867987975478172,178.8649669988081,178.06331099476665,200368.0,266256.0,133056.0,66528.0,66528.0,144.0,0.0,0.0,0.0,0.0,0.0,0.0,0.0,0.0,0.0,0.0,0.0,0.0,31.525557171892874,1.6745282305371647,0.008518677716028461,35.22047161049239,33.86852426259127,0.0,0.0,0.0,0.0,0.0,0.0
4,symmetric,int8,linear,closed,clip_x,spline_component,256,1,1,0.9899491507086445,0.9900067768897303,0.9991061054136088,0.9990538477962826,0.9886184139348696,0.9887163205766261,0.9989373503455321,0.9988597969634265,0.9886184139348696,0.9887163205766261,0.9989373491750249,0.9988597968872014,0.9771486937497684,0.07176668320425961,0.015414149218486273,0.770506964836386,0.7276727109274361,200368.0,266256.0,133056.0,66528.0,66528.0,144.0,0.0,0.0,0.0,0.0,0.0,0.0,0.0,0.0,0.0,0.0,0.0,0.0,0.2969553892467629,0.02384901256226716,0.005528301313070597,0.22489850750729656,0.1804655312972738,0.0,0.0,0.0,0.0,0.0,0.0
4,symmetric,int8,linear,closed,zero_spline,spline_component,1,1,1,0.9899491507086445,0.9900067768897303,0.9991061054136088,0.9990538477962826,0.9886184139348696,0.9887163205766261,0.9989368554550826,0.9988591999195945,0.9886184139348696,0.9887163205766261,0.9989368570937929,0.9988592032409912,167.83250559978188,8.586144920252263,0.025336320325732232,168.73911899980158,185.02870700322092,200368.0,266256.0,133056.0,66528.0,66528.0,144.0,0.0,0.0,0.0,0.0,0.0,0.0,0.0,0.0,0.0,0.0,0.0,0.0,47.072718147151946,2.4367503208018406,0.0010496817990074902,11.908077072109428,52.760088168478056,0.0,0.0,0.0,0.0,0.0,0.0
4,symmetric,int8,linear,closed,zero_spline,spline_component,256,1,1,0.9899491507086445,0.9900067768897303,0.9991061054136088,0.9990538477962826,0.9886184139348696,0.9887163205766261,0.9989368554550826,0.9988591999195945,0.9886184139348696,0.9887163205766261,0.9989368570937929,0.9988592032409912,0.8616023039048741,0.06890862851469137,0.013383389063164941,0.6890189023397397,0.6724333476631728,200368.0,266256.0,133056.0,66528.0,66528.0,144.0,0.0,0.0,0.0,0.0,0.0,0.0,0.0,0.0,0.0,0.0,0.0,0.0,0.04728206396948194,0.0055654403506055,0.000645101213857221,0.019034571227151846,0.06410701997361112,0.0,0.0,0.0,0.0,0.0,0.0
4,symmetric,int8,linear,half_open,clip_x,spline_component,1,1,1,0.9899491507086445,0.9900067768897303,0.9991061054136088,0.9990538477962826,0.9886184139348696,0.9887163205766261,0.9989373503455321,0.9988597969634265,0.9886184139348696,0.9887163205766261,0.9989373491750249,0.9988597968049431,146.47639659997077,7.067761399783194,0.02695716004818678,164.22222800087184,163.4187169978395,200368.0,266256.0,133056.0,66528.0,66528.0,144.0,0.0,0.0,0.0,0.0,0.0,0.0,0.0,0.0,0.0,0.0,0.0,0.0,1.3077881121476806,0.09119910580721688,0.00455491000025271,3.2753301613217753,4.008666902477555,0.0,0.0,0.0,0.0,0.0,0.0
4,symmetric,int8,linear,half_open,clip_x,spline_component,256,1,1,0.9899491507086445,0.9900067768897303,0.9991061054136088,0.9990538477962826,0.9886184139348696,0.9887163205766261,0.9989373503455321,0.9988597969634265,0.9886184139348696,0.9887163205766261,0.9989373491750249,0.9988597968049431,0.8327306531264185,0.06257482929686375,0.013334269531696918,0.6733051328046713,0.6546994023301522,200368.0,266256.0,133056.0,66528.0,66528.0,144.0,0.0,0.0,0.0,0.0,0.0,0.0,0.0,0.0,0.0,0.0,0.0,0.0,0.007545979563024334,0.0005210233942082125,0.00016628206548497543,0.005844464100352455,0.015820184510632152,0.0,0.0,0.0,0.0,0.0,0.0
4,symmetric,int8,linear,half_open,zero_spline,spline_component,1,1,1,0.9899491507086445,0.9900067768897303,0.9991061054136088,0.9990538477962826,0.9886184139348696,0.9887163205766261,0.9989368554550826,0.9988591999195945,0.9886184139348696,0.9887163205766261,0.9989368570937929,0.9988592032409912,147.80062604025005,7.689641440287232,0.025114319659769534,165.08663900196552,164.62807100266218,200368.0,266256.0,133056.0,66528.0,66528.0,144.0,0.0,0.0,0.0,0.0,0.0,0.0,0.0,0.0,0.0,0.0,0.0,0.0,1.00683353868301,0.15031433461262286,0.0006018903891497039,0.955004529944357,3.8420897771283693,0.0,0.0,0.0,0.0,0.0,0.0
4,symmetric,int8,linear,half_open,zero_spline,spline_component,256,1,1,0.9899491507086445,0.9900067768897303,0.9991061054136088,0.9990538477962826,0.9886184139348696,0.9887163205766261,0.9989368554550826,0.9988591999195945,0.9886184139348696,0.9887163205766261,0.9989368570937929,0.9988592032409912,0.8304839632819494,0.06786830468809057,0.013458540233841632,0.6790268945405842,0.645186773435853,200368.0,266256.0,133056.0,66528.0,66528.0,144.0,0.0,0.0,0.0,0.0,0.0,0.0,0.0,0.0,0.0,0.0,0.0,0.0,0.008480920649190664,0.0020983540614783252,0.000523083248898037,0.0069374933527872615,0.007128830584336452,0.0,0.0,0.0,0.0,0.0,0.0
8,asymmetric,uint8,linear,closed,clip_x,spline_component,1,1,1,0.9899491507086445,0.9900067768897303,0.9991061054136088,0.9990538477962826,0.9894839337877313,0.9895584917821463,0.99905284874007,0.9989945011988975,0.9894839337877313,0.9895584917821463,0.9990528482718674,0.9989945011265838,147.12517440002412,6.7632784802466634,0.025025599822402,164.92360699921846,161.84299299959093,200368.0,399312.0,266112.0,66528.0,66528.0,144.0,0.0,0.0,0.0,0.0,0.0,0.0,0.0,0.0,0.0,0.0,0.0,0.0,2.488241191090707,0.07292948468266801,0.0004156353969743013,2.1368658269291814,1.2375522485688117,0.0,0.0,0.0,0.0,0.0,0.0
8,asymmetric,uint8,linear,closed,clip_x,spline_component,256,1,1,0.9899491507086445,0.9900067768897303,0.9991061054136088,0.9990538477962826,0.9894839337877313,0.9895584917821463,0.99905284874007,0.9989945011988975,0.9894839337877313,0.9895584917821463,0.9990528482718674,0.9989945011265838,0.8364627761711745,0.061106217186534195,0.01300242655997863,0.6827489218812843,0.652951382817264,200368.0,399312.0,266112.0,66528.0,66528.0,144.0,0.0,0.0,0.0,0.0,0.0,0.0,0.0,0.0,0.0,0.0,0.0,0.0,0.01982767124427522,0.0007154659325365047,0.0001709985332446254,0.018085214386846894,0.012414997997647084,0.0,0.0,0.0,0.0,0.0,0.0
8,asymmetric,uint8,linear,closed,zero_spline,spline_component,1,1,1,0.9899491507086445,0.9900067768897303,0.9991061054136088,0.9990538477962826,0.9894839337877313,0.9895584917821463,0.9990527977059556,0.9989944396683382,0.9894839337877313,0.9895584917821463,0.9990527977059557,0.9989944395820771,146.51297859996558,7.413116880133748,0.025489240325987338,164.70977699384093,162.95706799719483,200368.0,399312.0,266112.0,66528.0,66528.0,144.0,0.0,0.0,0.0,0.0,0.0,0.0,0.0,0.0,0.0,0.0,0.0,0.0,1.8284157900326599,0.04725855606263915,0.0006604985623139455,1.8410680678477294,1.0023979561944256,0.0,0.0,0.0,0.0,0.0,0.0
8,asymmetric,uint8,linear,closed,zero_spline,spline_component,256,1,1,0.9899491507086445,0.9900067768897303,0.9991061054136088,0.9990538477962826,0.9894839337877313,0.9895584917821463,0.9990527977059556,0.9989944396683382,0.9894839337877313,0.9895584917821463,0.9990527977059557,0.9989944395820771,0.8476168144534313,0.06578446601633914,0.012909799999761162,0.6812045624974417,0.6466498866939219,200368.0,399312.0,266112.0,66528.0,66528.0,144.0,0.0,0.0,0.0,0.0,0.0,0.0,0.0,0.0,0.0,0.0,0.0,0.0,0.04023941475941969,0.00035580906349665895,0.00012494695250987208,0.002543985048986486,0.006479421082826078,0.0,0.0,0.0,0.0,0.0,0.0
8,asymmetric,uint8,linear,half_open,clip_x,spline_component,1,1,1,0.9899491507086445,0.9900067768897303,0.9991061054136088,0.9990538477962826,0.9894839337877313,0.9895584917821463,0.99905284874007,0.9989945011988974,0.9894839337877313,0.9895584917821463,0.9990528482718674,0.9989945011265838,146.7343830399215,6.975102679990232,0.024836079962551594,164.52049599494785,162.70600699353963,200368.0,399312.0,266112.0,66528.0,66528.0,144.0,0.0,0.0,0.0,0.0,0.0,0.0,0.0,0.0,0.0,0.0,0.0,0.0,2.7771473359314998,0.07168130865758446,0.0002132752081468662,1.6502353662592013,1.393785373887336,0.0,0.0,0.0,0.0,0.0,0.0
8,asymmetric,uint8,linear,half_open,clip_x,spline_component,256,1,1,0.9899491507086445,0.9900067768897303,0.9991061054136088,0.9990538477962826,0.9894839337877313,0.9895584917821463,0.99905284874007,0.9989945011988974,0.9894839337877313,0.9895584917821463,0.9990528482718674,0.9989945011265838,0.8334731535178435,0.061887848045444116,0.012986249999812571,0.6784943789170939,0.6480459218619217,200368.0,399312.0,266112.0,66528.0,66528.0,144.0,0.0,0.0,0.0,0.0,0.0,0.0,0.0,0.0,0.0,0.0,0.0,0.0,0.012435805338811067,0.0005222519821904018,0.00011260562453368807,0.003405494042717192,0.002205538937525996,0.0,0.0,0.0,0.0,0.0,0.0
8,asymmetric,uint8,linear,half_open,zero_spline,spline_component,1,1,1,0.9899491507086445,0.9900067768897303,0.9991061054136088,0.9990538477962826,0.9894839337877313,0.9895584917821463,0.9990527977059556,0.9989944396683382,0.9894839337877313,0.9895584917821463,0.9990527977059557,0.9989944395820771,146.29612504001707,7.694883400015533,0.028332119807600975,165.99565600510687,161.70954500325024,200368.0,399312.0,266112.0,66528.0,66528.0,144.0,0.0,0.0,0.0,0.0,0.0,0.0,0.0,0.0,0.0,0.0,0.0,0.0,1.3901780578175955,0.13700034971860056,0.007459225059153698,2.8953339786236145,1.5064116085662498,0.0,0.0,0.0,0.0,0.0,0.0
8,asymmetric,uint8,linear,half_open,zero_spline,spline_component,256,1,1,0.9899491507086445,0.9900067768897303,0.9991061054136088,0.9990538477962826,0.9894839337877313,0.9895584917821463,0.9990527977059556,0.9989944396683382,0.9894839337877313,0.9895584917821463,0.9990527977059557,0.9989944395820771,0.8286885855468427,0.06714506249772967,0.013032047267188318,0.6861780429790088,0.6462044335967221,200368.0,399312.0,266112.0,66528.0,66528.0,144.0,0.0,0.0,0.0,0.0,0.0,0.0,0.0,0.0,0.0,0.0,0.0,0.0,0.00957569994886015,0.0007178125174391864,0.00013002437108659083,0.011528554909031343,0.002913436836298022,0.0,0.0,0.0,0.0,0.0,0.0
8,symmetric,int8,linear,closed,clip_x,spline_component,1,1,1,0.9899491507086445,0.9900067768897303,0.9991061054136088,0.9990538477962826,0.9894839337877313,0.9895584917821463,0.9990530126110799,0.9989946845983482,0.9894839337877313,0.9895584917821463,0.9990530126110799,0.9989946843348712,146.02318835984914,6.753982760198414,0.026142880134284497,164.1292339982465,162.05327600240707,200368.0,399312.0,266112.0,66528.0,66528.0,144.0,0.0,0.0,0.0,0.0,0.0,0.0,0.0,0.0,0.0,0.0,0.0,0.0,1.250696307990641,0.08066016018881605,0.0023619365895940357,2.4058009945326395,1.3674356724490349,0.0,0.0,0.0,0.0,0.0,0.0
8,symmetric,int8,linear,closed,clip_x,spline_component,256,1,1,0.9899491507086445,0.9900067768897303,0.9991061054136088,0.9990538477962826,0.9894839337877313,0.9895584917821463,0.9990530126110799,0.9989946845983482,0.9894839337877313,0.9895584917821463,0.9990530126110799,0.9989946843348712,0.8319319847669249,0.06128453398196143,0.013073646874545375,0.6765693476518209,0.6471494765719399,200368.0,399312.0,266112.0,66528.0,66528.0,144.0,0.0,0.0,0.0,0.0,0.0,0.0,0.0,0.0,0.0,0.0,0.0,0.0,0.009052850176467158,0.0003849854835799873,4.923930547354234e-05,0.006693635612496301,0.006658066660856767,0.0,0.0,0.0,0.0,0.0,0.0
8,symmetric,int8,linear,closed,zero_spline,spline_component,1,1,1,0.9899491507086445,0.9900067768897303,0.9991061054136088,0.9990538477962826,0.9894839337877313,0.9895584917821463,0.9990530126110799,0.9989946845983482,0.9894839337877313,0.9895584917821463,0.9990530126110799,0.9989946843348712,146.68434547986834,7.469004959985614,0.028082040138542652,164.43545500282198,162.87650499958545,200368.0,399312.0,266112.0,66528.0,66528.0,144.0,0.0,0.0,0.0,0.0,0.0,0.0,0.0,0.0,0.0,0.0,0.0,0.0,1.7833997408381626,0.16225913946502266,0.006537637331463323,2.1038333919539824,3.2338748168932754,0.0,0.0,0.0,0.0,0.0,0.0
8,symmetric,int8,linear,closed,zero_spline,spline_component,256,1,1,0.9899491507086445,0.9900067768897303,0.9991061054136088,0.9990538477962826,0.9894839337877313,0.9895584917821463,0.9990530126110799,0.9989946845983482,0.9894839337877313,0.9895584917821463,0.9990530126110799,0.9989946843348712,0.8338198636720335,0.06595738515534322,0.013334421484614722,0.6817004844015173,0.65190141016501,200368.0,399312.0,266112.0,66528.0,66528.0,144.0,0.0,0.0,0.0,0.0,0.0,0.0,0.0,0.0,0.0,0.0,0.0,0.0,0.010402647497239653,0.000636001610178272,0.000551683801415864,0.0068556623691733275,0.010724747153334569,0.0,0.0,0.0,0.0,0.0,0.0
8,symmetric,int8,linear,half_open,clip_x,spline_component,1,1,1,0.9899491507086445,0.9900067768897303,0.9991061054136088,0.9990538477962826,0.9894839337877313,0.9895584917821463,0.9990530126110799,0.9989946845983482,0.9894839337877313,0.9895584917821463,0.9990530126110799,0.9989946842404038,146.5752562398091,6.9788100400939586,0.024888879805803298,164.98276700265706,162.29496700223535,200368.0,399312.0,266112.0,66528.0,66528.0,144.0,0.0,0.0,0.0,0.0,0.0,0.0,0.0,0.0,0.0,0.0,0.0,0.0,1.9375045874367292,0.05203802358232377,0.00020592612431553187,0.7741043981393962,1.2440012654506607,0.0,0.0,0.0,0.0,0.0,0.0
8,symmetric,int8,linear,half_open,clip_x,spline_component,256,1,1,0.9899491507086445,0.9900067768897303,0.9991061054136088,0.9990538477962826,0.9894839337877313,0.9895584917821463,0.9990530126110799,0.9989946845983482,0.9894839337877313,0.9895584917821463,0.9990530126110799,0.9989946842404038,0.8363805988265085,0.06228608202764008,0.013226554687207681,0.6755950312435743,0.6463554140464112,200368.0,399312.0,266112.0,66528.0,66528.0,144.0,0.0,0.0,0.0,0.0,0.0,0.0,0.0,0.0,0.0,0.0,0.0,0.0,0.009397601119788547,0.0006013962250148223,0.0002060692686791477,0.007302022270747051,0.00317853158606384,0.0,0.0,0.0,0.0,0.0,0.0
8,symmetric,int8,linear,half_open,zero_spline,spline_component,1,1,1,0.9899491507086445,0.9900067768897303,0.9991061054136088,0.9990538477962826,0.9894839337877313,0.9895584917821463,0.9990530126110799,0.9989946845983482,0.9894839337877313,0.9895584917821463,0.9990530126110799,0.9989946843348712,147.72638272028416,7.718197680264711,0.02555500026792288,164.9661170039326,161.9644660037011,200368.0,399312.0,266112.0,66528.0,66528.0,144.0,0.0,0.0,0.0,0.0,0.0,0.0,0.0,0.0,0.0,0.0,0.0,0.0,3.134596239428136,0.11023372858021924,0.0009010866423991355,1.0681373639031015,1.2078033235714356,0.0,0.0,0.0,0.0,0.0,0.0
8,symmetric,int8,linear,half_open,zero_spline,spline_component,256,1,1,0.9899491507086445,0.9900067768897303,0.9991061054136088,0.9990538477962826,0.9894839337877313,0.9895584917821463,0.9990530126110799,0.9989946845983482,0.9894839337877313,0.9895584917821463,0.9990530126110799,0.9989946843348712,0.833253907814651,0.06709393632809224,0.013182187107304344,0.683495027369645,0.6557739140589547,200368.0,399312.0,266112.0,66528.0,66528.0,144.0,0.0,0.0,0.0,0.0,0.0,0.0,0.0,0.0,0.0,0.0,0.0,0.0,0.00744597584506111,0.0006370355296474921,0.00023682776575377582,0.005157241921576463,0.017866835846015994,0.0,0.0,0.0,0.0,0.0,0.0
16,asymmetric,uint8,linear,closed,clip_x,spline_component,1,1,1,0.9899491507086445,0.9900067768897303,0.9991061054136088,0.9990538477962826,0.9896029427674996,0.9896701099633456,0.999085922591853,0.9990319009255246,0.9896029427674996,0.9896701099633456,0.999085922591853,0.9990319007042305,146.5365352800116,6.726593920215964,0.02539656013250351,165.93001299537718,163.3319569984451,200368.0,665424.0,532224.0,66528.0,66528.0,144.0,0.0,0.0,0.0,0.0,0.0,0.0,0.0,0.0,0.0,0.0,0.0,0.0,1.786488796601776,0.04773499529910882,0.0003697869341242549,1.8843052811292236,1.407585359743242,0.0,0.0,0.0,0.0,0.0,0.0
16,asymmetric,uint8,linear,closed,clip_x,spline_component,256,1,1,0.9899491507086445,0.9900067768897303,0.9991061054136088,0.9990538477962826,0.9896029427674996,0.9896701099633456,0.999085922591853,0.9990319009255246,0.9896029427674996,0.9896701099633456,0.999085922591853,0.9990319007042305,0.8833665601559915,0.06146410195287899,0.013520432423320017,0.6872467851280817,0.6610750468826154,200368.0,665424.0,532224.0,66528.0,66528.0,144.0,0.0,0.0,0.0,0.0,0.0,0.0,0.0,0.0,0.0,0.0,0.0,0.0,0.1033482358851227,0.0008998789384668315,0.00043694558204447116,0.006288418487128354,0.016230967890501234,0.0,0.0,0.0,0.0,0.0,0.0
16,asymmetric,uint8,linear,closed,zero_spline,spline_component,1,1,1,0.9899491507086445,0.9900067768897303,0.9991061054136088,0.9990538477962826,0.9896029427674996,0.9896701099633456,0.9990859366379399,0.9990319135157615,0.9896029427674996,0.9896701099633456,0.9990859366379399,0.9990319135412872,147.43355972021817,7.468768719770014,0.025008879974484442,167.52897600177675,164.78188099339604,200368.0,665424.0,532224.0,66528.0,66528.0,144.0,0.0,0.0,0.0,0.0,0.0,0.0,0.0,0.0,0.0,0.0,0.0,0.0,1.6652963673707926,0.08912330157976232,0.00022911126401972294,2.5275241819643024,2.7661642361266487,0.0,0.0,0.0,0.0,0.0,0.0
16,asymmetric,uint8,linear,closed,zero_spline,spline_component,256,1,1,0.9899491507086445,0.9900067768897303,0.9991061054136088,0.9990538477962826,0.9896029427674996,0.9896701099633456,0.9990859366379399,0.9990319135157615,0.9896029427674996,0.9896701099633456,0.9990859366379399,0.9990319135412872,0.8345141492191033,0.06650222343705536,0.013823254686940345,0.6919118554833403,0.6513376250040892,200368.0,665424.0,532224.0,66528.0,66528.0,144.0,0.0,0.0,0.0,0.0,0.0,0.0,0.0,0.0,0.0,0.0,0.0,0.0,0.006180680699888192,0.0009774754529889664,0.0008206787835073063,0.010638961440939213,0.0032239508089400453,0.0,0.0,0.0,0.0,0.0,0.0
16,asymmetric,uint8,linear,half_open,clip_x,spline_component,1,1,1,0.9899491507086445,0.9900067768897303,0.9991061054136088,0.9990538477962826,0.9896029427674996,0.9896701099633456,0.999085922591853,0.9990319009255246,0.9896029427674996,0.9896701099633456,0.999085922591853,0.9990319007042305,147.125273280032,7.0790558002889155,0.026127879880368708,166.6819900041446,164.7085030004382,200368.0,665424.0,532224.0,66528.0,66528.0,144.0,0.0,0.0,0.0,0.0,0.0,0.0,0.0,0.0,0.0,0.0,0.0,0.0,1.4101316497679337,0.0799179311913609,0.0010391076655499659,2.1110755385360256,2.8407126988786455,0.0,0.0,0.0,0.0,0.0,0.0
16,asymmetric,uint8,linear,half_open,clip_x,spline_component,256,1,1,0.9899491507086445,0.9900067768897303,0.9991061054136088,0.9990538477962826,0.9896029427674996,0.9896701099633456,0.999085922591853,0.9990319009255246,0.9896029427674996,0.9896701099633456,0.999085922591853,0.9990319007042305,0.8339031316390901,0.06250226601332542,0.01344972226615937,0.6881428398628486,0.6636971562329563,200368.0,665424.0,532224.0,66528.0,66528.0,144.0,0.0,0.0,0.0,0.0,0.0,0.0,0.0,0.0,0.0,0.0,0.0,0.0,0.006952458826222298,0.001005983877054636,0.00012940901961046961,0.010918548823187314,0.007996647849138453,0.0,0.0,0.0,0.0,0.0,0.0
16,asymmetric,uint8,linear,half_open,zero_spline,spline_component,1,1,1,0.9899491507086445,0.9900067768897303,0.9991061054136088,0.9990538477962826,0.9896029427674996,0.9896701099633456,0.9990859366379399,0.9990319135157615,0.9896029427674996,0.9896701099633456,0.9990859366379399,0.9990319135412872,147.62110895998777,7.735021119751036,0.026380559988319875,167.39988599903882,164.1261819936335,200368.0,665424.0,532224.0,66528.0,66528.0,144.0,0.0,0.0,0.0,0.0,0.0,0.0,0.0,0.0,0.0,0.0,0.0,0.0,1.6180309069863437,0.0651884543518802,0.0010086070113378969,1.5276914147119214,1.3971758881323373,0.0,0.0,0.0,0.0,0.0,0.0
16,asymmetric,uint8,linear,half_open,zero_spline,spline_component,256,1,1,0.9899491507086445,0.9900067768897303,0.9991061054136088,0.9990538477962826,0.9896029427674996,0.9896701099633456,0.9990859366379399,0.9990319135157615,0.9896029427674996,0.9896701099633456,0.9990859366379399,0.9990319135412872,0.8374022585940111,0.06817841132760805,0.013473762106514187,0.6938689570233691,0.6563091015596001,200368.0,665424.0,532224.0,66528.0,66528.0,144.0,0.0,0.0,0.0,0.0,0.0,0.0,0.0,0.0,0.0,0.0,0.0,0.0,0.007837460613406143,0.002564760808503845,0.00015824818386427083,0.007998084250774803,0.0046175038186099466,0.0,0.0,0.0,0.0,0.0,0.0
16,symmetric,int8,linear,closed,clip_x,spline_component,1,1,1,0.9899491507086445,0.9900067768897303,0.9991061054136088,0.9990538477962826,0.9896029427674996,0.9896701099633456,0.9990867279008151,0.9990328672540946,0.9896029427674996,0.9896701099633456,0.9990867279008151,0.9990328668762254,146.40359468013048,6.7916732801124455,0.02578080017119646,165.84532001055777,163.11669300775975,200368.0,665424.0,532224.0,66528.0,66528.0,144.0,0.0,0.0,0.0,0.0,0.0,0.0,0.0,0.0,0.0,0.0,0.0,0.0,1.9175707357162322,0.044866478469934336,0.0004508486945057672,1.5757853030431954,1.2556131971721658,0.0,0.0,0.0,0.0,0.0,0.0
16,symmetric,int8,linear,closed,clip_x,spline_component,256,1,1,0.9899491507086445,0.9900067768897303,0.9991061054136088,0.9990538477962826,0.9896029427674996,0.9896701099633456,0.9990867279008151,0.9990328672540946,0.9896029427674996,0.9896701099633456,0.9990867279008151,0.9990328668762254,0.831700475393518,0.06106076562355156,0.013532495702747838,0.6806485625020287,0.6482126757509832,200368.0,665424.0,532224.0,66528.0,66528.0,144.0,0.0,0.0,0.0,0.0,0.0,0.0,0.0,0.0,0.0,0.0,0.0,0.0,0.0038342571083321655,0.0006485682472239094,8.742258424365499e-05,0.005216612227763475,0.002163736419006636,0.0,0.0,0.0,0.0,0.0,0.0
16,symmetric,int8,linear,closed,zero_spline,spline_component,1,1,1,0.9899491507086445,0.9900067768897303,0.9991061054136088,0.9990538477962826,0.9896029427674996,0.9896701099633456,0.9990867279008151,0.9990328672540946,0.9896029427674996,0.9896701099633456,0.9990867279008151,0.9990328668762254,147.3327052799985,7.4757886800915,0.029120320081710817,166.006697001867,163.66911199409515,200368.0,665424.0,532224.0,66528.0,66528.0,144.0,0.0,0.0,0.0,0.0,0.0,0.0,0.0,0.0,0.0,0.0,0.0,0.0,1.8569662070092394,0.08809981280130759,0.007459652221169497,1.8258791536527212,1.0710735931864557,0.0,0.0,0.0,0.0,0.0,0.0
16,symmetric,int8,linear,closed,zero_spline,spline_component,256,1,1,0.9899491507086445,0.9900067768897303,0.9991061054136088,0.9990538477962826,0.9896029427674996,0.9896701099633456,0.9990867279008151,0.9990328672540946,0.9896029427674996,0.9896701099633456,0.9990867279008151,0.9990328668762254,0.9101751890630112,0.07437232187112386,0.014807962108534412,0.7335114062516368,0.6662393359511043,200368.0,665424.0,532224.0,66528.0,66528.0,144.0,0.0,0.0,0.0,0.0,0.0,0.0,0.0,0.0,0.0,0.0,0.0,0.0,0.16892487612662027,0.01789182606335752,0.0027976811880298775,0.0977673850910263,0.0259813801331646,0.0,0.0,0.0,0.0,0.0,0.0
16,symmetric,int8,linear,half_open,clip_x,spline_component,1,1,1,0.9899491507086445,0.9900067768897303,0.9991061054136088,0.9990538477962826,0.9896029427674996,0.9896701099633456,0.9990867279008151,0.9990328672540946,0.9896029427674996,0.9896701099633456,0.9990867279008151,0.9990328668762254,147.0318369999528,7.073308559879661,0.026827199943363668,168.6564279999584,165.18307899590582,200368.0,665424.0,532224.0,66528.0,66528.0,144.0,0.0,0.0,0.0,0.0,0.0,0.0,0.0,0.0,0.0,0.0,0.0,0.0,1.90642795806331,0.12991166355140418,0.0018815050102491688,1.6367858083583642,2.2053877683900027,0.0,0.0,0.0,0.0,0.0,0.0
16,symmetric,int8,linear,half_open,clip_x,spline_component,256,1,1,0.9899491507086445,0.9900067768897303,0.9991061054136088,0.9990538477962826,0.9896029427674996,0.9896701099633456,0.9990867279008151,0.9990328672540946,0.9896029427674996,0.9896701099633456,0.9990867279008151,0.9990328668762254,0.836805118358825,0.06224101210864319,0.013633382424814044,0.6853417929778516,0.6587070703244535,200368.0,665424.0,532224.0,66528.0,66528.0,144.0,0.0,0.0,0.0,0.0,0.0,0.0,0.0,0.0,0.0,0.0,0.0,0.0,0.007505838851201897,0.0006108381686454128,0.00038014070279328033,0.006594513357533448,0.010071671472501377,0.0,0.0,0.0,0.0,0.0,0.0
16,symmetric,int8,linear,half_open,zero_spline,spline_component,1,1,1,0.9899491507086445,0.9900067768897303,0.9991061054136088,0.9990538477962826,0.9896029427674996,0.9896701099633456,0.9990867279008151,0.9990328672540946,0.9896029427674996,0.9896701099633456,0.9990867279008151,0.9990328668762254,146.83451164029537,7.6809652397409085,0.026318559795618056,168.20743300486356,163.65549999754876,200368.0,665424.0,532224.0,66528.0,66528.0,144.0,0.0,0.0,0.0,0.0,0.0,0.0,0.0,0.0,0.0,0.0,0.0,0.0,1.2667548302794596,0.08364569262107979,0.0010855817624170546,6.543219781878199,1.12865842914747,0.0,0.0,0.0,0.0,0.0,0.0
16,symmetric,int8,linear,half_open,zero_spline,spline_component,256,1,1,0.9899491507086445,0.9900067768897303,0.9991061054136088,0.9990538477962826,0.9896029427674996,0.9896701099633456,0.9990867279008151,0.9990328672540946,0.9896029427674996,0.9896701099633456,0.9990867279008151,0.9990328668762254,0.8323521554702893,0.06759871562644548,0.01372557734248403,0.688620667970099,0.6561046992283082,200368.0,665424.0,532224.0,66528.0,66528.0,144.0,0.0,0.0,0.0,0.0,0.0,0.0,0.0,0.0,0.0,0.0,0.0,0.0,0.005008043887234545,0.0002763660726414427,0.00028217592577588153,0.002008609345984079,0.010507045665873052,0.0,0.0,0.0,0.0,0.0,0.0
32,asymmetric,uint8,linear,closed,clip_x,spline_component,1,1,1,0.9899491507086445,0.9900067768897303,0.9991061054136088,0.9990538477962826,0.9896894947527859,0.9897527983570068,0.9990972133044205,0.999044011952067,0.9896894947527859,0.9897527983570068,0.9990972133044205,0.9990440119404308,183.28371407985688,8.324491280131042,0.03273332007229328,214.18174699880183,201.83533299714327,200368.0,1197648.0,1064448.0,66528.0,66528.0,144.0,0.0,0.0,0.0,0.0,0.0,0.0,0.0,0.0,0.0,0.0,0.0,0.0,51.86555034057675,2.1425242766240165,0.009696389934478125,62.638133916098965,47.49561045498905,0.0,0.0,0.0,0.0,0.0,0.0
32,asymmetric,uint8,linear,closed,clip_x,spline_component,256,1,1,0.9899491507086445,0.9900067768897303,0.9991061054136088,0.9990538477962826,0.9896894947527859,0.9897527983570068,0.9990972133044205,0.999044011952067,0.9896894947527859,0.9897527983570068,0.9990972133044205,0.9990440119404308,1.0089623335934448,0.08149990625315695,0.017162387108328403,0.8915271640762512,0.8552630820486229,200368.0,1197648.0,1064448.0,66528.0,66528.0,144.0,0.0,0.0,0.0,0.0,0.0,0.0,0.0,0.0,0.0,0.0,0.0,0.0,0.241007660583697,0.03051349598995896,0.005374498230352766,0.27960273075697795,0.2567113459258379,0.0,0.0,0.0,0.0,0.0,0.0
32,asymmetric,uint8,linear,closed,zero_spline,spline_component,1,1,1,0.9899491507086445,0.9900067768897303,0.9991061054136088,0.9990538477962826,0.9896894947527859,0.9897527983570068,0.9990972114316088,0.9990440096513415,0.9896894947527859,0.9897527983570068,0.9990972114316088,0.9990440094887326,177.10976275987923,8.89012968018651,0.03513119984418154,200.16819399781525,195.39116800297052,200368.0,1197648.0,1064448.0,66528.0,66528.0,144.0,0.0,0.0,0.0,0.0,0.0,0.0,0.0,0.0,0.0,0.0,0.0,0.0,40.05842524585404,1.9623863676062154,0.01570843765093539,41.32337065742672,38.98897620354476,0.0,0.0,0.0,0.0,0.0,0.0
32,asymmetric,uint8,linear,closed,zero_spline,spline_component,256,1,1,0.9899491507086445,0.9900067768897303,0.9991061054136088,0.9990538477962826,0.9896894947527859,0.9897527983570068,0.9990972114316088,0.9990440096513415,0.9896894947527859,0.9897527983570068,0.9990972114316088,0.9990440094887326,0.9991211347642093,0.0798758695309516,0.016102142186355195,0.8357940625137417,0.7976101484382525,200368.0,1197648.0,1064448.0,66528.0,66528.0,144.0,0.0,0.0,0.0,0.0,0.0,0.0,0.0,0.0,0.0,0.0,0.0,0.0,0.22446936197683756,0.018887522328940046,0.0031567187363676676,0.18211013841544277,0.1809697970793579,0.0,0.0,0.0,0.0,0.0,0.0
32,asymmetric,uint8,linear,half_open,clip_x,spline_component,1,1,1,0.9899491507086445,0.9900067768897303,0.9991061054136088,0.9990538477962826,0.9896894947527859,0.9897527983570068,0.9990972133044205,0.999044011952067,0.9896894947527859,0.9897527983570068,0.9990972133044205,0.9990440119404308,192.5954072803259,9.158979920111596,0.031241280026733875,219.5705180009827,211.14320600870997,200368.0,1197648.0,1064448.0,66528.0,66528.0,144.0,0.0,0.0,0.0,0.0,0.0,0.0,0.0,0.0,0.0,0.0,0.0,0.0,61.67880086450605,3.2173607428282582,0.007712404032152604,70.08239829435273,63.79401585035783,0.0,0.0,0.0,0.0,0.0,0.0
32,asymmetric,uint8,linear,half_open,clip_x,spline_component,256,1,1,0.9899491507086445,0.9900067768897303,0.9991061054136088,0.9990538477962826,0.9896894947527859,0.9897527983570068,0.9990972133044205,0.999044011952067,0.9896894947527859,0.9897527983570068,0.9990972133044205,0.9990440119404308,1.0512937363273522,0.07864423749924754,0.016275192969260388,0.8431958672008477,0.83987659374543,200368.0,1197648.0,1064448.0,66528.0,66528.0,144.0,0.0,0.0,0.0,0.0,0.0,0.0,0.0,0.0,0.0,0.0,0.0,0.0,0.2988264605954815,0.023418467347578385,0.0033301862722927554,0.19836218362855074,0.24425766407290975,0.0,0.0,0.0,0.0,0.0,0.0
32,asymmetric,uint8,linear,half_open,zero_spline,spline_component,1,1,1,0.9899491507086445,0.9900067768897303,0.9991061054136088,0.9990538477962826,0.9896894947527859,0.9897527983570068,0.9990972114316088,0.9990440096513415,0.9896894947527859,0.9897527983570068,0.9990972114316088,0.9990440094887326,187.09062648043036,9.828631439991295,0.03404147997498512,212.96295499429107,212.07955100107938,200368.0,1197648.0,1064448.0,66528.0,66528.0,144.0,0.0,0.0,0.0,0.0,0.0,0.0,0.0,0.0,0.0,0.0,0.0,0.0,57.243193717150994,3.2244447828237495,0.013533292464889391,64.75107273988509,66.50251046781757,0.0,0.0,0.0,0.0,0.0,0.0
32,asymmetric,uint8,linear,half_open,zero_spline,spline_component,256,1,1,0.9899491507086445,0.9900067768897303,0.9991061054136088,0.9990538477962826,0.9896894947527859,0.9897527983570068,0.9990972114316088,0.9990440096513415,0.9896894947527859,0.9897527983570068,0.9990972114316088,0.9990440094887326,1.0365242800762644,0.08521400312565675,0.016808430078526726,0.8689557226534816,0.8185148476513859,200368.0,1197648.0,1064448.0,66528.0,66528.0,144.0,0.0,0.0,0.0,0.0,0.0,0.0,0.0,0.0,0.0,0.0,0.0,0.0,0.297933244095448,0.025752418176841024,0.004382545663991537,0.2522798424614184,0.22880551948262964,0.0,0.0,0.0,0.0,0.0,0.0
32,symmetric,int8,linear,closed,clip_x,spline_component,1,1,1,0.9899491507086445,0.9900067768897303,0.9991061054136088,0.9990538477962826,0.9896894947527859,0.9897527983570068,0.9990969145909799,0.9990436473518178,0.9896894947527859,0.9897527983570068,0.9990969145909802,0.9990436474513974,147.39715823996812,6.827451239898801,0.026595759950578213,168.9929849980399,166.1998049961403,200368.0,1197648.0,1064448.0,66528.0,66528.0,144.0,0.0,0.0,0.0,0.0,0.0,0.0,0.0,0.0,0.0,0.0,0.0,0.0,1.4098190359940466,0.15698578588337858,0.0007186081736997686,4.167548803973717,2.8693254827015413,0.0,0.0,0.0,0.0,0.0,0.0
32,symmetric,int8,linear,closed,clip_x,spline_component,256,1,1,0.9899491507086445,0.9900067768897303,0.9991061054136088,0.9990538477962826,0.9896894947527859,0.9897527983570068,0.9990969145909799,0.9990436473518178,0.9896894947527859,0.9897527983570068,0.9990969145909802,0.9990436474513974,0.8349955960929947,0.061753042578857276,0.013892067187043722,0.6933124452734774,0.6630510117429367,200368.0,1197648.0,1064448.0,66528.0,66528.0,144.0,0.0,0.0,0.0,0.0,0.0,0.0,0.0,0.0,0.0,0.0,0.0,0.0,0.009323886814231137,0.0011772331823763794,0.0002912363587621369,0.0034101978236815173,0.004689771055843842,0.0,0.0,0.0,0.0,0.0,0.0
32,symmetric,int8,linear,closed,zero_spline,spline_component,1,1,1,0.9899491507086445,0.9900067768897303,0.9991061054136088,0.9990538477962826,0.9896894947527859,0.9897527983570068,0.9990969145909799,0.9990436473518178,0.9896894947527859,0.9897527983570068,0.9990969145909802,0.9990436474513974,148.10151660013943,7.476042639836669,0.025972159579396248,169.16970898862928,165.48823099583387,200368.0,1197648.0,1064448.0,66528.0,66528.0,144.0,0.0,0.0,0.0,0.0,0.0,0.0,0.0,0.0,0.0,0.0,0.0,0.0,1.232558724591409,0.08976962416914623,0.0004788383103143821,1.847362641132425,2.0773223990491934,0.0,0.0,0.0,0.0,0.0,0.0
32,symmetric,int8,linear,closed,zero_spline,spline_component,256,1,1,0.9899491507086445,0.9900067768897303,0.9991061054136088,0.9990538477962826,0.9896894947527859,0.9897527983570068,0.9990969145909799,0.9990436473518178,0.9896894947527859,0.9897527983570068,0.9990969145909802,0.9990436474513974,0.8363063632823469,0.06668682499912393,0.013876898045054986,0.7057802343842923,0.6732262382865883,200368.0,1197648.0,1064448.0,66528.0,66528.0,144.0,0.0,0.0,0.0,0.0,0.0,0.0,0.0,0.0,0.0,0.0,0.0,0.0,0.007426436846095043,0.00045050508242711605,8.755501416552567e-05,0.014517272010837856,0.012506302857549495,0.0,0.0,0.0,0.0,0.0,0.0
32,symmetric,int8,linear,half_open,clip_x,spline_component,1,1,1,0.9899491507086445,0.9900067768897303,0.9991061054136088,0.9990538477962826,0.9896894947527859,0.9897527983570068,0.9990969145909799,0.9990436473518178,0.9896894947527859,0.9897527983570068,0.9990969145909802,0.9990436474513974,148.1286865601316,7.022909119911492,0.02598567996174097,169.37540299724787,165.6094180000946,200368.0,1197648.0,1064448.0,66528.0,66528.0,144.0,0.0,0.0,0.0,0.0,0.0,0.0,0.0,0.0,0.0,0.0,0.0,0.0,1.7818421730012959,0.027622207508319868,0.000297286816846273,1.013866155773276,0.6144459363410157,0.0,0.0,0.0,0.0,0.0,0.0
32,symmetric,int8,linear,half_open,clip_x,spline_component,256,1,1,0.9899491507086445,0.9900067768897303,0.9991061054136088,0.9990538477962826,0.9896894947527859,0.9897527983570068,0.9990969145909799,0.9990436473518178,0.9896894947527859,0.9897527983570068,0.9990969145909802,0.9990436474513974,0.8427244371086999,0.06279298007757461,0.014287117579442565,0.7439378554408904,0.6940840351853694,200368.0,1197648.0,1064448.0,66528.0,66528.0,144.0,0.0,0.0,0.0,0.0,0.0,0.0,0.0,0.0,0.0,0.0,0.0,0.0,0.009416655537732887,0.0009660721414066733,0.0006096565818347965,0.10723465140777319,0.06199356192902137,0.0,0.0,0.0,0.0,0.0,0.0
32,symmetric,int8,linear,half_open,zero_spline,spline_component,1,1,1,0.9899491507086445,0.9900067768897303,0.9991061054136088,0.9990538477962826,0.9896894947527859,0.9897527983570068,0.9990969145909799,0.9990436473518178,0.9896894947527859,0.9897527983570068,0.9990969145909802,0.9990436474513974,162.66405771989375,8.423656120151282,0.0282752001658082,186.54020299203694,184.52177400235087,200368.0,1197648.0,1064448.0,66528.0,66528.0,144.0,0.0,0.0,0.0,0.0,0.0,0.0,0.0,0.0,0.0,0.0,0.0,0.0,35.37296606883245,1.4580796822144932,0.0054048881704576645,36.334536254470386,42.67443126105888,0.0,0.0,0.0,0.0,0.0,0.0
32,symmetric,int8,linear,half_open,zero_spline,spline_component,256,1,1,0.9899491507086445,0.9900067768897303,0.9991061054136088,0.9990538477962826,0.9896894947527859,0.9897527983570068,0.9990969145909799,0.9990436473518178,0.9896894947527859,0.9897527983570068,0.9990969145909802,0.9990436474513974,0.9346471261706029,0.08180756484398444,0.015650639452360338,0.825021242199,0.8045995546854101,200368.0,1197648.0,1064448.0,66528.0,66528.0,144.0,0.0,0.0,0.0,0.0,0.0,0.0,0.0,0.0,0.0,0.0,0.0,0.0,0.15940420137061986,0.019664744714450823,0.002948158372200523,0.18008233275271843,0.19562700065793057,0.0,0.0,0.0,0.0,0.0,0.0
64,asymmetric,uint8,linear,closed,clip_x,spline_component,1,1,1,0.9899491507086445,0.9900067768897303,0.9991061054136088,0.9990538477962826,0.9897760467380721,0.9898366332906722,0.9991011429312324,0.99904826447292,0.9897760467380721,0.9898366332906722,0.9991011429312324,0.9990482639045043,176.1158952401951,8.232457119971514,0.03219056036323309,215.89057100005448,210.26018800213933,200368.0,2262096.0,2128896.0,66528.0,66528.0,144.0,0.0,0.0,0.0,0.0,0.0,0.0,0.0,0.0,0.0,0.0,0.0,0.0,40.570264377925064,2.025554325195244,0.009696150023407329,59.88363047510355,54.39759177310029,0.0,0.0,0.0,0.0,0.0,0.0
64,asymmetric,uint8,linear,closed,clip_x,spline_component,256,1,1,0.9899491507086445,0.9900067768897303,0.9991061054136088,0.9990538477962826,0.9897760467380721,0.9898366332906722,0.9991011429312324,0.99904826447292,0.9897760467380721,0.9898366332906722,0.9991011429312324,0.9990482639045043,0.9952937421840033,0.07432213164247514,0.016228939062784775,0.8599355429942079,0.8247566992213251,200368.0,2262096.0,2128896.0,66528.0,66528.0,144.0,0.0,0.0,0.0,0.0,0.0,0.0,0.0,0.0,0.0,0.0,0.0,0.0,0.22819824436597058,0.01755025475496972,0.0032419894940477396,0.22455765256352173,0.21281229751639263,0.0,0.0,0.0,0.0,0.0,0.0
64,asymmetric,uint8,linear,closed,zero_spline,spline_component,1,1,1,0.9899491507086445,0.9900067768897303,0.9991061054136088,0.9990538477962826,0.9897760467380721,0.9898366332906722,0.999101143165334,0.9990482640862565,0.9897760467380721,0.9898366332906722,0.9991011429312324,0.9990482639507116,182.38091987986118,9.045625200308859,0.031499960087239744,210.40716299787164,205.0614820001647,200368.0,2262096.0,2128896.0,66528.0,66528.0,144.0,0.0,0.0,0.0,0.0,0.0,0.0,0.0,0.0,0.0,0.0,0.0,0.0,48.33335982995021,2.0968065202240935,0.007258865706268929,54.999971209362975,51.06379044043443,0.0,0.0,0.0,0.0,0.0,0.0
64,asymmetric,uint8,linear,closed,zero_spline,spline_component,256,1,1,0.9899491507086445,0.9900067768897303,0.9991061054136088,0.9990538477962826,0.9897760467380721,0.9898366332906722,0.999101143165334,0.9990482640862565,0.9897760467380721,0.9898366332906722,0.9991011429312324,0.9990482639507116,0.9964674093771464,0.08340627461075201,0.01674872304283781,0.8570729570419644,0.8080939843966917,200368.0,2262096.0,2128896.0,66528.0,66528.0,144.0,0.0,0.0,0.0,0.0,0.0,0.0,0.0,0.0,0.0,0.0,0.0,0.0,0.22254059224501052,0.023111305110267488,0.0039061853503598713,0.19951906180226092,0.19145413787124657,0.0,0.0,0.0,0.0,0.0,0.0
64,asymmetric,uint8,linear,half_open,clip_x,spline_component,1,1,1,0.9899491507086445,0.9900067768897303,0.9991061054136088,0.9990538477962826,0.9897760467380721,0.9898366332906722,0.9991011429312324,0.99904826447292,0.9897760467380721,0.9898366332906722,0.9991011429312324,0.9990482639045043,180.7326665598899,8.67400496006012,0.0301697202026844,207.0068720029667,206.62089900113642,200368.0,2262096.0,2128896.0,66528.0,66528.0,144.0,0.0,0.0,0.0,0.0,0.0,0.0,0.0,0.0,0.0,0.0,0.0,0.0,46.85693791329651,2.2591597595725013,0.005930312727600838,50.46768653745061,51.827114316158514,0.0,0.0,0.0,0.0,0.0,0.0
64,asymmetric,uint8,linear,half_open,clip_x,spline_component,256,1,1,0.9899491507086445,0.9900067768897303,0.9991061054136088,0.9990538477962826,0.9897760467380721,0.9898366332906722,0.9991011429312324,0.99904826447292,0.9897760467380721,0.9898366332906722,0.9991011429312324,0.9990482639045043,1.0292305109378503,0.07970484101861075,0.016891111721633933,0.8778613789036172,0.8278513281220512,200368.0,2262096.0,2128896.0,66528.0,66528.0,144.0,0.0,0.0,0.0,0.0,0.0,0.0,0.0,0.0,0.0,0.0,0.0,0.0,0.27862990988619063,0.025929497305402355,0.00432502705714466,0.2375449236805139,0.20911073404188116,0.0,0.0,0.0,0.0,0.0,0.0
64,asymmetric,uint8,linear,half_open,zero_spline,spline_component,1,1,1,0.9899491507086445,0.9900067768897303,0.9991061054136088,0.9990538477962826,0.9897760467380721,0.9898366332906722,0.999101143165334,0.9990482640862565,0.9897760467380721,0.9898366332906722,0.9991011429312324,0.9990482639507116,176.4135751599446,9.564468840137124,0.03091823998838663,222.47789499349892,218.4329230012372,200368.0,2262096.0,2128896.0,66528.0,66528.0,144.0,0.0,0.0,0.0,0.0,0.0,0.0,0.0,0.0,0.0,0.0,0.0,0.0,40.99592821500041,2.755069345803419,0.007157308137238075,75.47912158019747,72.78048403346773,0.0,0.0,0.0,0.0,0.0,0.0
64,asymmetric,uint8,linear,half_open,zero_spline,spline_component,256,1,1,0.9899491507086445,0.9900067768897303,0.9991061054136088,0.9990538477962826,0.9897760467380721,0.9898366332906722,0.999101143165334,0.9990482640862565,0.9897760467380721,0.9898366332906722,0.9991011429312324,0.9990482639507116,1.0088168566398963,0.08365715117361106,0.016448720703920117,0.8674704296936397,0.8381338750041323,200368.0,2262096.0,2128896.0,66528.0,66528.0,144.0,0.0,0.0,0.0,0.0,0.0,0.0,0.0,0.0,0.0,0.0,0.0,0.0,0.2415317295010669,0.019647730500823617,0.0035358147819579255,0.21097429793994824,0.22391012194589166,0.0,0.0,0.0,0.0,0.0,0.0
64,symmetric,int8,linear,closed,clip_x,spline_component,1,1,1,0.9899491507086445,0.9900067768897303,0.9991061054136088,0.9990538477962826,0.9897760467380721,0.9898366332906722,0.9991011284169431,0.9990482391176989,0.9897760467380721,0.9898366332906722,0.9991011284169431,0.999048238779662,188.63242752011865,8.753009919822215,0.037598959915339944,218.655325002037,217.25888000335544,200368.0,2262096.0,2128896.0,66528.0,66528.0,144.0,0.0,0.0,0.0,0.0,0.0,0.0,0.0,0.0,0.0,0.0,0.0,0.0,59.47067860396475,2.5994769570220546,0.01534886019238907,65.53161425389166,65.0118801946682,0.0,0.0,0.0,0.0,0.0,0.0
64,symmetric,int8,linear,closed,clip_x,spline_component,256,1,1,0.9899491507086445,0.9900067768897303,0.9991061054136088,0.9990538477962826,0.9897760467380721,0.9898366332906722,0.9991011284169431,0.9990482391176989,0.9897760467380721,0.9898366332906722,0.9991011284169431,0.999048238779662,1.01909984062695,0.0755255562489765,0.01669457187745138,0.8832796093338402,0.8439238086066325,200368.0,2262096.0,2128896.0,66528.0,66528.0,144.0,0.0,0.0,0.0,0.0,0.0,0.0,0.0,0.0,0.0,0.0,0.0,0.0,0.2571861057393332,0.01874779482851097,0.003693746519355679,0.24147026064315466,0.23494260081525847,0.0,0.0,0.0,0.0,0.0,0.0
64,symmetric,int8,linear,closed,zero_spline,spline_component,1,1,1,0.9899491507086445,0.9900067768897303,0.9991061054136088,0.9990538477962826,0.9897760467380721,0.9898366332906722,0.9991011284169431,0.9990482391176989,0.9897760467380721,0.9898366332906722,0.9991011284169431,0.999048238779662,181.00790244024247,8.992577879875899,0.03271012026816607,208.28093900345266,208.3293510088697,200368.0,2262096.0,2128896.0,66528.0,66528.0,144.0,0.0,0.0,0.0,0.0,0.0,0.0,0.0,0.0,0.0,0.0,0.0,0.0,46.22019782130609,2.00330761601587,0.005346097274644385,52.34511201486985,54.61752563422267,0.0,0.0,0.0,0.0,0.0,0.0
64,symmetric,int8,linear,closed,zero_spline,spline_component,256,1,1,0.9899491507086445,0.9900067768897303,0.9991061054136088,0.9990538477962826,0.9897760467380721,0.9898366332906722,0.9991011284169431,0.9990482391176989,0.9897760467380721,0.9898366332906722,0.9991011284169431,0.999048238779662,1.0089773750023596,0.08108746640391473,0.016838518358781585,0.8912513632822083,0.8285613398220448,200368.0,2262096.0,2128896.0,66528.0,66528.0,144.0,0.0,0.0,0.0,0.0,0.0,0.0,0.0,0.0,0.0,0.0,0.0,0.0,0.23306041613745454,0.020213822890780678,0.003643374818092755,0.236696050045231,0.2019326331763294,0.0,0.0,0.0,0.0,0.0,0.0
64,symmetric,int8,linear,half_open,clip_x,spline_component,1,1,1,0.9899491507086445,0.9900067768897303,0.9991061054136088,0.9990538477962826,0.9897760467380721,0.9898366332906722,0.9991011284169431,0.9990482391176989,0.9897760467380721,0.9898366332906722,0.9991011284169431,0.999048238779662,177.44213847965003,8.362426079995931,0.030401960015296936,206.64219699800014,206.23829500284046,200368.0,2262096.0,2128896.0,66528.0,66528.0,144.0,0.0,0.0,0.0,0.0,0.0,0.0,0.0,0.0,0.0,0.0,0.0,0.0,42.21623427891674,1.9100109513074448,0.005586469884348852,53.992042619246234,55.453590777039686,0.0,0.0,0.0,0.0,0.0,0.0
64,symmetric,int8,linear,half_open,clip_x,spline_component,256,1,1,0.9899491507086445,0.9900067768897303,0.9991061054136088,0.9990538477962826,0.9897760467380721,0.9898366332906722,0.9991011284169431,0.9990482391176989,0.9897760467380721,0.9898366332906722,0.9991011284169431,0.999048238779662,1.0010390242150606,0.07532498086038686,0.01663848789212352,0.8546916640443669,0.8234163554516272,200368.0,2262096.0,2128896.0,66528.0,66528.0,144.0,0.0,0.0,0.0,0.0,0.0,0.0,0.0,0.0,0.0,0.0,0.0,0.0,0.23407119529729034,0.016730699770897334,0.0032942804708461283,0.21903196937019365,0.22215412500439294,0.0,0.0,0.0,0.0,0.0,0.0
64,symmetric,int8,linear,half_open,zero_spline,spline_component,1,1,1,0.9899491507086445,0.9900067768897303,0.9991061054136088,0.9990538477962826,0.9897760467380721,0.9898366332906722,0.9991011284169431,0.9990482391176989,0.9897760467380721,0.9898366332906722,0.9991011284169431,0.999048238779662,176.99639600012452,9.240163759700954,0.03136771991848945,207.02695000451058,205.82704500295222,200368.0,2262096.0,2128896.0,66528.0,66528.0,144.0,0.0,0.0,0.0,0.0,0.0,0.0,0.0,0.0,0.0,0.0,0.0,0.0,40.89672623020469,2.099663324168283,0.0062653854988142825,51.55828290840326,53.13662895792223,0.0,0.0,0.0,0.0,0.0,0.0
64,symmetric,int8,linear,half_open,zero_spline,spline_component,256,1,1,0.9899491507086445,0.9900067768897303,0.9991061054136088,0.9990538477962826,0.9897760467380721,0.9898366332906722,0.9991011284169431,0.9990482391176989,0.9897760467380721,0.9898366332906722,0.9991011284169431,0.999048238779662,1.0018446093745297,0.08244945976548479,0.017132401171693346,0.867988503905508,0.8171073671837803,200368.0,2262096.0,2128896.0,66528.0,66528.0,144.0,0.0,0.0,0.0,0.0,0.0,0.0,0.0,0.0,0.0,0.0,0.0,0.0,0.23672255034598777,0.020553691604484985,0.0033108139413808887,0.20684611177003712,0.20989455015143632,0.0,0.0,0.0,0.0,0.0,0.0
128,asymmetric,uint8,linear,closed,clip_x,spline_component,1,1,1,0.9899491507086445,0.9900067768897303,0.9991061054136088,0.9990538477962826,0.9898734177215189,0.9899322362052276,0.99910322315665,0.9990505392629225,0.9898734177215189,0.9899322362052276,0.99910322315665,0.9990505394962301,176.57059184014798,8.133521279878915,0.03183131963014603,206.75024199299514,213.8117039948702,200368.0,4390992.0,4257792.0,66528.0,66528.0,144.0,0.0,0.0,0.0,0.0,0.0,0.0,0.0,0.0,0.0,0.0,0.0,0.0,38.68826302536084,1.8465856058141974,0.006926066887189307,38.760705410359,46.850392562155484,0.0,0.0,0.0,0.0,0.0,0.0
128,asymmetric,uint8,linear,closed,clip_x,spline_component,256,1,1,0.9899491507086445,0.9900067768897303,0.9991061054136088,0.9990538477962826,0.9898734177215189,0.9899322362052276,0.99910322315665,0.9990505392629225,0.9898734177215189,0.9899322362052276,0.99910322315665,0.9990505394962301,0.9924950457025261,0.07652370156392863,0.017662935939370072,0.8954090273618931,0.8512896562569949,200368.0,4390992.0,4257792.0,66528.0,66528.0,144.0,0.0,0.0,0.0,0.0,0.0,0.0,0.0,0.0,0.0,0.0,0.0,0.0,0.21572533416627945,0.02033228164639685,0.004540822958207745,0.21601717480662774,0.20004243031371488,0.0,0.0,0.0,0.0,0.0,0.0
128,asymmetric,uint8,linear,closed,zero_spline,spline_component,1,1,1,0.9899491507086445,0.9900067768897303,0.9991061054136088,0.9990538477962826,0.9898734177215189,0.9899322362052276,0.9991032231566498,0.9990505396587219,0.9898734177215189,0.9899322362052276,0.99910322315665,0.9990505396514948,166.41991264000535,8.334524679929018,0.028900239802896976,195.26860100217164,195.6093019992113,200368.0,4390992.0,4257792.0,66528.0,66528.0,144.0,0.0,0.0,0.0,0.0,0.0,0.0,0.0,0.0,0.0,0.0,0.0,0.0,37.16514317717579,1.7054853328478639,0.004353297898756278,36.41023970631451,39.84202561705541,0.0,0.0,0.0,0.0,0.0,0.0
128,asymmetric,uint8,linear,closed,zero_spline,spline_component,256,1,1,0.9899491507086445,0.9900067768897303,0.9991061054136088,0.9990538477962826,0.9898734177215189,0.9899322362052276,0.9991032231566498,0.9990505396587219,0.9898734177215189,0.9899322362052276,0.99910322315665,0.9990505396514948,0.912825516797966,0.07256277812484768,0.015661070701753488,0.7894477226182062,0.756459636722866,200368.0,4390992.0,4257792.0,66528.0,66528.0,144.0,0.0,0.0,0.0,0.0,0.0,0.0,0.0,0.0,0.0,0.0,0.0,0.0,0.17092438997090778,0.012173582600947055,0.0029380825200004406,0.11555646185779742,0.10514310416522979,0.0,0.0,0.0,0.0,0.0,0.0
128,asymmetric,uint8,linear,half_open,clip_x,spline_component,1,1,1,0.9899491507086445,0.9900067768897303,0.9991061054136088,0.9990538477962826,0.9898734177215189,0.9899322362052276,0.99910322315665,0.9990505392629225,0.9898734177215189,0.9899322362052276,0.99910322315665,0.9990505394962301,165.28992719985544,7.645739080011845,0.028536560013890266,193.4630569955334,189.1550869960338,200368.0,4390992.0,4257792.0,66528.0,66528.0,144.0,0.0,0.0,0.0,0.0,0.0,0.0,0.0,0.0,0.0,0.0,0.0,0.0,40.44659623514233,1.2097891477791705,0.004373859990235198,31.835743646994096,26.95550650018999,0.0,0.0,0.0,0.0,0.0,0.0
128,asymmetric,uint8,linear,half_open,clip_x,spline_component,256,1,1,0.9899491507086445,0.9900067768897303,0.9991061054136088,0.9990538477962826,0.9898734177215189,0.9899322362052276,0.99910322315665,0.9990505392629225,0.9898734177215189,0.9899322362052276,0.99910322315665,0.9990505394962301,2.2616097019545123,0.06937266796921904,0.01560947265534196,0.7867492538935039,0.7512287851568544,200368.0,4390992.0,4257792.0,66528.0,66528.0,144.0,0.0,0.0,0.0,0.0,0.0,0.0,0.0,0.0,0.0,0.0,0.0,0.0,3.1887557282836867,0.012665948227665652,0.0025388606006184087,0.11551202484926835,0.10005765611908086,0.0,0.0,0.0,0.0,0.0,0.0
128,asymmetric,uint8,linear,half_open,zero_spline,spline_component,1,1,1,0.9899491507086445,0.9900067768897303,0.9991061054136088,0.9990538477962826,0.9898734177215189,0.9899322362052276,0.9991032231566498,0.9990505396587219,0.9898734177215189,0.9899322362052276,0.99910322315665,0.9990505396514948,158.30799751989542,8.321381959877908,0.029751679673790932,190.94498899765313,189.29959500674158,200368.0,4390992.0,4257792.0,66528.0,66528.0,144.0,0.0,0.0,0.0,0.0,0.0,0.0,0.0,0.0,0.0,0.0,0.0,0.0,26.108053343306246,1.4457206021212325,0.006013747165785481,27.453067946650673,26.610343817504233,0.0,0.0,0.0,0.0,0.0,0.0
128,asymmetric,uint8,linear,half_open,zero_spline,spline_component,256,1,1,0.9899491507086445,0.9900067768897303,0.9991061054136088,0.9990538477962826,0.9898734177215189,0.9899322362052276,0.9991032231566498,0.9990505396587219,0.9898734177215189,0.9899322362052276,0.99910322315665,0.9990505396514948,0.8953755656220892,0.0731139433610224,0.015429549219334149,0.7900249062549847,0.7534381132973067,200368.0,4390992.0,4257792.0,66528.0,66528.0,144.0,0.0,0.0,0.0,0.0,0.0,0.0,0.0,0.0,0.0,0.0,0.0,0.0,0.14530066114304813,0.011928949513239074,0.0024565521111074838,0.1077040241810272,0.09996645248836707,0.0,0.0,0.0,0.0,0.0,0.0
128,symmetric,int8,linear,closed,clip_x,spline_component,1,1,1,0.9899491507086445,0.9900067768897303,0.9991061054136088,0.9990538477962826,0.9898842367196797,0.9899428841872023,0.9991034670903529,0.9990508088975616,0.9898842367196797,0.9899428841872023,0.9991034673244542,0.9990508081527174,177.23216720018536,8.335860159993171,0.03216236010193825,213.68920599110425,211.8353179935366,200368.0,4390992.0,4257792.0,66528.0,66528.0,144.0,0.0,0.0,0.0,0.0,0.0,0.0,0.0,0.0,0.0,0.0,0.0,0.0,41.04921041409473,2.2161612803610518,0.008031904632196614,54.92570107477215,51.665585185539015,0.0,0.0,0.0,0.0,0.0,0.0
128,symmetric,int8,linear,closed,clip_x,spline_component,256,1,1,0.9899491507086445,0.9900067768897303,0.9991061054136088,0.9990538477962826,0.9898842367196797,0.9899428841872023,0.9991034670903529,0.9990508088975616,0.9898842367196797,0.9899428841872023,0.9991034673244542,0.9990508081527174,1.0004020402320748,0.079045148437217,0.01763706289420952,0.906850039082201,0.8793102265553898,200368.0,4390992.0,4257792.0,66528.0,66528.0,144.0,0.0,0.0,0.0,0.0,0.0,0.0,0.0,0.0,0.0,0.0,0.0,0.0,0.2309122365894014,0.023661072663050845,0.004311301041623054,0.24991359206626984,0.22779002519710453,0.0,0.0,0.0,0.0,0.0,0.0
128,symmetric,int8,linear,closed,zero_spline,spline_component,1,1,1,0.9899491507086445,0.9900067768897303,0.9991061054136088,0.9990538477962826,0.9898842367196797,0.9899428841872023,0.9991034670903529,0.9990508088975616,0.9898842367196797,0.9899428841872023,0.9991034673244542,0.9990508081527174,180.24977432005107,9.166221440024675,0.03145687971264124,217.24384100176394,214.8632419994101,200368.0,4390992.0,4257792.0,66528.0,66528.0,144.0,0.0,0.0,0.0,0.0,0.0,0.0,0.0,0.0,0.0,0.0,0.0,0.0,44.504682036697,2.2551914330432488,0.006893458054968726,55.96487573757841,52.43478717024007,0.0,0.0,0.0,0.0,0.0,0.0
128,symmetric,int8,linear,closed,zero_spline,spline_component,256,1,1,0.9899491507086445,0.9900067768897303,0.9991061054136088,0.9990538477962826,0.9898842367196797,0.9899428841872023,0.9991034670903529,0.9990508088975616,0.9898842367196797,0.9899428841872023,0.9991034673244542,0.9990508081527174,1.0068298785154184,0.07465221757956897,0.016655066408929997,0.8262497500072641,0.7921501366945449,200368.0,4390992.0,4257792.0,66528.0,66528.0,144.0,0.0,0.0,0.0,0.0,0.0,0.0,0.0,0.0,0.0,0.0,0.0,0.0,0.23210482424639353,0.018226122534803265,0.004495977653856434,0.21793053384482738,0.2054088142259201,0.0,0.0,0.0,0.0,0.0,0.0
128,symmetric,int8,linear,half_open,clip_x,spline_component,1,1,1,0.9899491507086445,0.9900067768897303,0.9991061054136088,0.9990538477962826,0.9898842367196797,0.9899428841872023,0.9991034670903529,0.9990508088975616,0.9898842367196797,0.9899428841872023,0.9991034673244542,0.9990508081527174,178.62939043994993,8.569629319757222,0.031911319866776464,213.63935499917716,212.54770000930876,200368.0,4390992.0,4257792.0,66528.0,66528.0,144.0,0.0,0.0,0.0,0.0,0.0,0.0,0.0,0.0,0.0,0.0,0.0,0.0,42.775445341798076,2.039421730124434,0.0056214527193598155,55.146804043354656,54.18176186698279,0.0,0.0,0.0,0.0,0.0,0.0
128,symmetric,int8,linear,half_open,clip_x,spline_component,256,1,1,0.9899491507086445,0.9900067768897303,0.9991061054136088,0.9990538477962826,0.9898842367196797,0.9899428841872023,0.9991034670903529,0.9990508088975616,0.9898842367196797,0.9899428841872023,0.9991034673244542,0.9990508081527174,1.010469617189301,0.07628785976521613,0.017320062110229628,0.8851300976675702,0.8458448359124304,200368.0,4390992.0,4257792.0,66528.0,66528.0,144.0,0.0,0.0,0.0,0.0,0.0,0.0,0.0,0.0,0.0,0.0,0.0,0.0,0.23099959555305852,0.018550016682206655,0.0036180165912316972,0.22122546893122053,0.21262193683569452,0.0,0.0,0.0,0.0,0.0,0.0
128,symmetric,int8,linear,half_open,zero_spline,spline_component,1,1,1,0.9899491507086445,0.9900067768897303,0.9991061054136088,0.9990538477962826,0.9898842367196797,0.9899428841872023,0.9991034670903529,0.9990508088975616,0.9898842367196797,0.9899428841872023,0.9991034673244542,0.9990508081527174,177.55304651986808,9.07855460010469,0.03186328038573265,203.65607799962163,200.37171899806708,200368.0,4390992.0,4257792.0,66528.0,66528.0,144.0,0.0,0.0,0.0,0.0,0.0,0.0,0.0,0.0,0.0,0.0,0.0,0.0,42.18049942009469,1.8858560338773342,0.005761130599131418,37.27750691506321,36.203566236635886,0.0,0.0,0.0,0.0,0.0,0.0
128,symmetric,int8,linear,half_open,zero_spline,spline_component,256,1,1,0.9899491507086445,0.9900067768897303,0.9991061054136088,0.9990538477962826,0.9898842367196797,0.9899428841872023,0.9991034670903529,0.9990508088975616,0.9898842367196797,0.9899428841872023,0.9991034673244542,0.9990508081527174,0.9902130984391988,0.08109739726751286,0.01784341171878623,0.8570969023458019,0.8254853242397076,200368.0,4390992.0,4257792.0,66528.0,66528.0,144.0,0.0,0.0,0.0,0.0,0.0,0.0,0.0,0.0,0.0,0.0,0.0,0.0,0.20702116706859394,0.01826078125692197,0.0042411906884248195,0.17730320856341006,0.17417116945971234,0.0,0.0,0.0,0.0,0.0,0.0
256,asymmetric,uint8,linear,closed,clip_x,spline_component,1,1,1,0.9899491507086445,0.9900067768897303,0.9991061054136088,0.9990538477962826,0.9899058747160014,0.989964180838362,0.9991046020141457,0.9990520478124403,0.9899058747160014,0.989964180838362,0.9991046001413342,0.9990520439079205,159.53180027976632,7.318900880031288,0.029530080035328865,204.037864995189,203.76519800163805,200368.0,8648784.0,8515584.0,66528.0,66528.0,144.0,0.0,0.0,0.0,0.0,0.0,0.0,0.0,0.0,0.0,0.0,0.0,0.0,26.612143461083303,1.1808632907884167,0.006096593012666088,29.189458113351243,30.466913482009648,0.0,0.0,0.0,0.0,0.0,0.0
256,asymmetric,uint8,linear,closed,clip_x,spline_component,256,1,1,0.9899491507086445,0.9900067768897303,0.9991061054136088,0.9990538477962826,0.9899058747160014,0.989964180838362,0.9991046020141457,0.9990520478124403,0.9899058747160014,0.989964180838362,0.9991046001413342,0.9990520439079205,0.8991412789073365,0.06308706640447781,0.015830176173039945,0.836402917993837,0.8250211250197026,200368.0,8648784.0,8515584.0,66528.0,66528.0,144.0,0.0,0.0,0.0,0.0,0.0,0.0,0.0,0.0,0.0,0.0,0.0,0.0,0.14530927763599027,0.002602795303630918,0.0027584634397217187,0.1279263434643777,0.1523544519808216,0.0,0.0,0.0,0.0,0.0,0.0
256,asymmetric,uint8,linear,closed,zero_spline,spline_component,1,1,1,0.9899491507086445,0.9900067768897303,0.9991061054136088,0.9990538477962826,0.9899058747160014,0.989964180838362,0.9991045982685225,0.9990520437314503,0.9899058747160014,0.989964180838362,0.9991045982685225,0.9990520434648898,161.83193471990526,8.089632119983435,0.029139880277216434,204.3023670045659,202.27716700173914,200368.0,8648784.0,8515584.0,66528.0,66528.0,144.0,0.0,0.0,0.0,0.0,0.0,0.0,0.0,0.0,0.0,0.0,0.0,0.0,32.95257067032373,1.419692819689872,0.004861977720261085,29.66069409048209,27.51123285392484,0.0,0.0,0.0,0.0,0.0,0.0
256,asymmetric,uint8,linear,closed,zero_spline,spline_component,256,1,1,0.9899491507086445,0.9900067768897303,0.9991061054136088,0.9990538477962826,0.9899058747160014,0.989964180838362,0.9991045982685225,0.9990520437314503,0.9899058747160014,0.989964180838362,0.9991045982685225,0.9990520434648898,0.924231762499403,0.0799175609354279,0.01725202343732235,0.9426134297063982,0.9016360390887712,200368.0,8648784.0,8515584.0,66528.0,66528.0,144.0,0.0,0.0,0.0,0.0,0.0,0.0,0.0,0.0,0.0,0.0,0.0,0.0,0.15191644969544385,0.017165883321270156,0.003681644543431649,0.22497724625326113,0.1998865678093876,0.0,0.0,0.0,0.0,0.0,0.0
256,asymmetric,uint8,linear,half_open,clip_x,spline_component,1,1,1,0.9899491507086445,0.9900067768897303,0.9991061054136088,0.9990538477962826,0.9899058747160014,0.989964180838362,0.9991046020141457,0.9990520478124403,0.9899058747160014,0.989964180838362,0.9991046001413342,0.9990520439079205,173.36801456008106,7.724247960001231,0.028838039934635164,214.5239369943738,213.43202600255609,200368.0,8648784.0,8515584.0,66528.0,66528.0,144.0,0.0,0.0,0.0,0.0,0.0,0.0,0.0,0.0,0.0,0.0,0.0,0.0,35.03238269609727,1.2708140841209894,0.005048890967075007,35.36584542649608,36.3282354722053,0.0,0.0,0.0,0.0,0.0,0.0
256,asymmetric,uint8,linear,half_open,clip_x,spline_component,256,1,1,0.9899491507086445,0.9900067768897303,0.9991061054136088,0.9990538477962826,0.9899058747160014,0.989964180838362,0.9991046020141457,0.9990520478124403,0.9899058747160014,0.989964180838362,0.9991046001413342,0.9990520439079205,0.9736407578129729,0.07394335273420438,0.017172208594274707,0.9083171484417107,0.8939980078139342,200368.0,8648784.0,8515584.0,66528.0,66528.0,144.0,0.0,0.0,0.0,0.0,0.0,0.0,0.0,0.0,0.0,0.0,0.0,0.0,0.19622693241566908,0.015023237083752392,0.003568301279353513,0.17194998984301738,0.19712252380125672,0.0,0.0,0.0,0.0,0.0,0.0
256,asymmetric,uint8,linear,half_open,zero_spline,spline_component,1,1,1,0.9899491507086445,0.9900067768897303,0.9991061054136088,0.9990538477962826,0.9899058747160014,0.989964180838362,0.9991045982685225,0.9990520437314503,0.9899058747160014,0.989964180838362,0.9991045982685225,0.9990520434648898,174.58446251992137,9.454906279966234,0.03177156001329422,219.30203600320965,213.2875950075686,200368.0,8648784.0,8515584.0,66528.0,66528.0,144.0,0.0,0.0,0.0,0.0,0.0,0.0,0.0,0.0,0.0,0.0,0.0,0.0,38.92875335287258,2.500998600055392,0.004638820777160898,39.606871957223895,35.13563077251149,0.0,0.0,0.0,0.0,0.0,0.0
256,asymmetric,uint8,linear,half_open,zero_spline,spline_component,256,1,1,0.9899491507086445,0.9900067768897303,0.9991061054136088,0.9990538477962826,0.9899058747160014,0.989964180838362,0.9991045982685225,0.9990520437314503,0.9899058747160014,0.989964180838362,0.9991045982685225,0.9990520434648898,0.9989111578106531,0.08418002461257856,0.016364659768441925,0.948007593760849,0.9084975859514088,200368.0,8648784.0,8515584.0,66528.0,66528.0,144.0,0.0,0.0,0.0,0.0,0.0,0.0,0.0,0.0,0.0,0.0,0.0,0.0,0.22821989008212037,0.02244462318691739,0.0036611585358819966,0.22464067709807534,0.22062062116435147,0.0,0.0,0.0,0.0,0.0,0.0
256,symmetric,int8,linear,closed,clip_x,spline_component,1,1,1,0.9899491507086445,0.9900067768897303,0.9991061054136088,0.9990538477962826,0.9898950557178405,0.9899535323982447,0.9991045383385533,0.9990519752559315,0.9898950557178405,0.9899535323982447,0.9991045383385533,0.9990519753034304,158.91886928007006,7.353843240067363,0.0298183998093009,200.4980090027675,196.69925999827683,200368.0,8648784.0,8515584.0,66528.0,66528.0,144.0,0.0,0.0,0.0,0.0,0.0,0.0,0.0,0.0,0.0,0.0,0.0,0.0,25.991412499138445,1.1899866353269808,0.004778576245514825,27.062708896091518,27.00255729832091,0.0,0.0,0.0,0.0,0.0,0.0
256,symmetric,int8,linear,closed,clip_x,spline_component,256,1,1,0.9899491507086445,0.9900067768897303,0.9991061054136088,0.9990538477962826,0.9898950557178405,0.9899535323982447,0.9991045383385533,0.9990519752559315,0.9898950557178405,0.9899535323982447,0.9991045383385533,0.9990519753034304,0.8994395605459431,0.06792505078192335,0.016520634373591747,0.8244511093835172,0.7876359609508654,200368.0,8648784.0,8515584.0,66528.0,66528.0,144.0,0.0,0.0,0.0,0.0,0.0,0.0,0.0,0.0,0.0,0.0,0.0,0.0,0.15041454743428903,0.010411084189350108,0.002325181179757655,0.11079216141757947,0.1150364439003378,0.0,0.0,0.0,0.0,0.0,0.0
256,symmetric,int8,linear,closed,zero_spline,spline_component,1,1,1,0.9899491507086445,0.9900067768897303,0.9991061054136088,0.9990538477962826,0.9898950557178405,0.9899535323982447,0.9991045383385533,0.9990519752559315,0.9898950557178405,0.9899535323982447,0.9991045383385533,0.9990519753034304,159.8115189999342,8.06982396002859,0.02982099950313568,200.6340129999444,196.48481599986553,200368.0,8648784.0,8515584.0,66528.0,66528.0,144.0,0.0,0.0,0.0,0.0,0.0,0.0,0.0,0.0,0.0,0.0,0.0,0.0,25.80229092771371,1.3456719785837603,0.004423661800951938,29.019942976702307,27.173099332804533,0.0,0.0,0.0,0.0,0.0,0.0
256,symmetric,int8,linear,closed,zero_spline,spline_component,256,1,1,0.9899491507086445,0.9900067768897303,0.9991061054136088,0.9990538477962826,0.9898950557178405,0.9899535323982447,0.9991045383385533,0.9990519752559315,0.9898950557178405,0.9899535323982447,0.9991045383385533,0.9990519753034304,0.905829250390525,0.07350683320146345,0.01606864140740072,0.8326722968740796,0.7964617422112497,200368.0,8648784.0,8515584.0,66528.0,66528.0,144.0,0.0,0.0,0.0,0.0,0.0,0.0,0.0,0.0,0.0,0.0,0.0,0.0,0.15344455644888694,0.011426308415228225,0.002472273194068502,0.12188245005016253,0.10244830507369346,0.0,0.0,0.0,0.0,0.0,0.0
256,symmetric,int8,linear,half_open,clip_x,spline_component,1,1,1,0.9899491507086445,0.9900067768897303,0.9991061054136088,0.9990538477962826,0.9898950557178405,0.9899535323982447,0.9991045383385533,0.9990519752559315,0.9898950557178405,0.9899535323982447,0.9991045383385533,0.9990519753034304,158.8776136396453,7.59370620008558,0.02929631993174553,199.5217280043289,197.0236609922722,200368.0,8648784.0,8515584.0,66528.0,66528.0,144.0,0.0,0.0,0.0,0.0,0.0,0.0,0.0,0.0,0.0,0.0,0.0,0.0,25.870322328749925,1.2264188250511512,0.004371704375795757,27.562594183544732,27.444362816365977,0.0,0.0,0.0,0.0,0.0,0.0
256,symmetric,int8,linear,half_open,clip_x,spline_component,256,1,1,0.9899491507086445,0.9900067768897303,0.9991061054136088,0.9990538477962826,0.9898950557178405,0.9899535323982447,0.9991045383385533,0.9990519752559315,0.9898950557178405,0.9899535323982447,0.9991045383385533,0.9990519753034304,0.9008488312520058,0.06782654453309078,0.01625702460842149,0.8134338984382339,0.793061636704806,200368.0,8648784.0,8515584.0,66528.0,66528.0,144.0,0.0,0.0,0.0,0.0,0.0,0.0,0.0,0.0,0.0,0.0,0.0,0.0,0.15202614691576474,0.01127883791003454,0.002617730445743905,0.1157653537777768,0.1066954120431105,0.0,0.0,0.0,0.0,0.0,0.0
256,symmetric,int8,linear,half_open,zero_spline,spline_component,1,1,1,0.9899491507086445,0.9900067768897303,0.9991061054136088,0.9990538477962826,0.9898950557178405,0.9899535323982447,0.9991045383385533,0.9990519752559315,0.9898950557178405,0.9899535323982447,0.9991045383385533,0.9990519753034304,158.52080520000308,8.391058080084623,0.030518120527267455,201.04530700016767,197.61284200008959,200368.0,8648784.0,8515584.0,66528.0,66528.0,144.0,0.0,0.0,0.0,0.0,0.0,0.0,0.0,0.0,0.0,0.0,0.0,0.0,26.502466784888725,1.4364906663103751,0.0077216046917681835,27.21773987144287,27.68283120524414,0.0,0.0,0.0,0.0,0.0,0.0
256,symmetric,int8,linear,half_open,zero_spline,spline_component,256,1,1,0.9899491507086445,0.9900067768897303,0.9991061054136088,0.9990538477962826,0.9898950557178405,0.9899535323982447,0.9991045383385533,0.9990519752559315,0.9898950557178405,0.9899535323982447,0.9991045383385533,0.9990519753034304,0.899467712499245,0.0736918843776948,0.016014840231946437,0.8252616835852677,0.7878995468672656,200368.0,8648784.0,8515584.0,66528.0,66528.0,144.0,0.0,0.0,0.0,0.0,0.0,0.0,0.0,0.0,0.0,0.0,0.0,0.0,0.14261945015757713,0.011500017180043303,0.0025265104002847806,0.12646186919656335,0.1124055387618584,0.0,0.0,0.0,0.0,0.0,0.0
