L,scheme,dtype,interp,boundary_mode,oob_policy,value_repr,batch_size,threads_torch,threads_numba,float_accuracy_mean,float_f1_mean,float_roc_auc_mean,float_pr_auc_mean,lut_numpy_accuracy_mean,lut_numpy_f1_mean,lut_numpy_roc_auc_mean,lut_numpy_pr_auc_mean,lut_numba_accuracy_mean,lut_numba_f1_mean,lut_numba_roc_auc_mean,lut_numba_pr_auc_mean,float_accuracy_std,float_f1_std,float_roc_auc_std,float_pr_auc_std,lut_numpy_accuracy_std,lut_numpy_f1_std,lut_numpy_roc_auc_std,lut_numpy_pr_auc_std,lut_numba_accuracy_std,lut_numba_f1_std,lut_numba_roc_auc_std,lut_numba_pr_auc_std
2,asymmetric,uint8,linear,closed,clip_x,spline_component,1,1,1,0.9899491507086445,0.9900067768897303,0.9991061054136088,0.9990538477962826,0.9872768581629341,0.9874192306046472,0.9987906963264297,0.9986899189987554,0.9872768581629341,0.9874192306046472,0.9987906963264299,0.9986899188950422,0.0,0.0,0.0,0.0,0.0,0.0,0.0,0.0,0.0,0.0,0.0,0.0
2,asymmetric,uint8,linear,closed,clip_x,spline_component,256,1,1,0.9899491507086445,0.9900067768897303,0.9991061054136088,0.9990538477962826,0.9872768581629341,0.9874192306046472,0.9987906963264297,0.9986899189987554,0.9872768581629341,0.9874192306046472,0.9987906963264299,0.9986899188950422,0.0,0.0,0.0,0.0,0.0,0.0,0.0,0.0,0.0,0.0,0.0,0.0
2,asymmetric,uint8,linear,closed,zero_spline,spline_component,1,1,1,0.9899491507086445,0.9900067768897303,0.9991061054136088,0.9990538477962826,0.9872552201666126,0.9873981043668028,0.9987876623717362,0.9986874151208296,0.9872552201666126,0.9873981043668028,0.998787662371736,0.9986874150234953,0.0,0.0,0.0,0.0,0.0,0.0,0.0,0.0,0.0,0.0,0.0,0.0
2,asymmetric,uint8,linear,closed,zero_spline,spline_component,256,1,1,0.9899491507086445,0.9900067768897303,0.9991061054136088,0.9990538477962826,0.9872552201666126,0.9873981043668028,0.9987876623717362,0.9986874151208296,0.9872552201666126,0.9873981043668028,0.998787662371736,0.9986874150234953,0.0,0.0,0.0,0.0,0.0,0.0,0.0,0.0,0.0,0.0,0.0,0.0
2,asymmetric,uint8,linear,half_open,clip_x,spline_component,1,1,1,0.9899491507086445,0.9900067768897303,0.9991061054136088,0.9990538477962826,0.9872768581629341,0.9874192306046472,0.9987906963264297,0.998689918666764,0.9872768581629341,0.9874192306046472,0.9987906963264297,0.9986899189700825,0.0,0.0,0.0,0.0,0.0,0.0,0.0,0.0,0.0,0.0,0.0,0.0
2,asymmetric,uint8,linear,half_open,clip_x,spline_component,256,1,1,0.9899491507086445,0.9900067768897303,0.9991061054136088,0.9990538477962826,0.9872768581629341,0.9874192306046472,0.9987906963264297,0.998689918666764,0.9872768581629341,0.9874192306046472,0.9987906963264297,0.9986899189700825,0.0,0.0,0.0,0.0,0.0,0.0,0.0,0.0,0.0,0.0,0.0,0.0
2,asymmetric,uint8,linear,half_open,zero_spline,spline_component,1,1,1,0.9899491507086445,0.9900067768897303,0.9991061054136088,0.9990538477962826,0.9872552201666126,0.9873981043668028,0.9987876623717362,0.9986874151208296,0.9872552201666126,0.9873981043668028,0.998787662371736,0.9986874150234953,0.0,0.0,0.0,0.0,0.0,0.0,0.0,0.0,0.0,0.0,0.0,0.0
2,asymmetric,uint8,linear,half_open,zero_spline,spline_component,256,1,1,0.9899491507086445,0.9900067768897303,0.9991061054136088,0.9990538477962826,0.9872552201666126,0.9873981043668028,0.9987876623717362,0.9986874151208296,0.9872552201666126,0.9873981043668028,0.998787662371736,0.9986874150234953,0.0,0.0,0.0,0.0,0.0,0.0,0.0,0.0,0.0,0.0,0.0,0.0
2,symmetric,int8,linear,closed,clip_x,spline_component,1,1,1,0.9899491507086445,0.9900067768897303,0.9991061054136088,0.9990538477962826,0.9872876771610949,0.9874297940625836,0.9987923795158007,0.9986921577280977,0.9872876771610949,0.9874297940625836,0.9987923795158007,0.9986921565795928,0.0,0.0,0.0,0.0,0.0,0.0,0.0,0.0,0.0,0.0,0.0,0.0
2,symmetric,int8,linear,closed,clip_x,spline_component,256,1,1,0.9899491507086445,0.9900067768897303,0.9991061054136088,0.9990538477962826,0.9872876771610949,0.9874297940625836,0.9987923795158007,0.9986921577280977,0.9872876771610949,0.9874297940625836,0.9987923795158007,0.9986921565795928,0.0,0.0,0.0,0.0,0.0,0.0,0.0,0.0,0.0,0.0,0.0,0.0
2,symmetric,int8,linear,closed,zero_spline,spline_component,1,1,1,0.9899491507086445,0.9900067768897303,0.9991061054136088,0.9990538477962826,0.9872660391647733,0.9874086673727227,0.9987830051576412,0.9986822759064673,0.9872660391647733,0.9874086673727227,0.998783005157641,0.9986822748768288,0.0,0.0,0.0,0.0,0.0,0.0,0.0,0.0,0.0,0.0,0.0,0.0
2,symmetric,int8,linear,closed,zero_spline,spline_component,256,1,1,0.9899491507086445,0.9900067768897303,0.9991061054136088,0.9990538477962826,0.9872660391647733,0.9874086673727227,0.9987830051576412,0.9986822759064673,0.9872660391647733,0.9874086673727227,0.998783005157641,0.9986822748768288,0.0,0.0,0.0,0.0,0.0,0.0,0.0,0.0,0.0,0.0,0.0,0.0
2,symmetric,int8,linear,half_open,clip_x,spline_component,1,1,1,0.9899491507086445,0.9900067768897303,0.9991061054136088,0.9990538477962826,0.9872876771610949,0.9874297940625836,0.9987923795158007,0.9986921580779204,0.9872876771610949,0.9874297940625836,0.9987923795158007,0.998692156658118,0.0,0.0,0.0,0.0,0.0,0.0,0.0,0.0,0.0,0.0,0.0,0.0
2,symmetric,int8,linear,half_open,clip_x,spline_component,256,1,1,0.9899491507086445,0.9900067768897303,0.9991061054136088,0.9990538477962826,0.9872876771610949,0.9874297940625836,0.9987923795158007,0.9986921580779204,0.9872876771610949,0.9874297940625836,0.9987923795158007,0.998692156658118,0.0,0.0,0.0,0.0,0.0,0.0,0.0,0.0,0.0,0.0,0.0,0.0
2,symmetric,int8,linear,half_open,zero_spline,spline_component,1,1,1,0.9899491507086445,0.9900067768897303,0.9991061054136088,0.9990538477962826,0.9872660391647733,0.9874086673727227,0.9987830051576412,0.9986822759064673,0.9872660391647733,0.9874086673727227,0.998783005157641,0.9986822748768288,0.0,0.0,0.0,0.0,0.0,0.0,0.0,0.0,0.0,0.0,0.0,0.0
2,symmetric,int8,linear,half_open,zero_spline,spline_component,256,1,1,0.9899491507086445,0.9900067768897303,0.9991061054136088,0.9990538477962826,0.9872660391647733,0.9874086673727227,0.9987830051576412,0.9986822759064673,0.9872660391647733,0.9874086673727227,0.998783005157641,0.9986822748768288,0.0,0.0,0.0,0.0,0.0,0.0,0.0,0.0,0.0,0.0,0.0,0.0
4,asymmetric,uint8,linear,closed,clip_x,spline_component,1,1,1,0.9899491507086445,0.9900067768897303,0.9991061054136088,0.9990538477962826,0.9886184139348696,0.9887163205766261,0.9989403569103568,0.9988634639096444,0.9886184139348696,0.9887163205766261,0.9989403566762552,0.9988634629861519,0.0,0.0,0.0,0.0,0.0,0.0,0.0,0.0,0.0,0.0,0.0,0.0
4,asymmetric,uint8,linear,closed,clip_x,spline_component,256,1,1,0.9899491507086445,0.9900067768897303,0.9991061054136088,0.9990538477962826,0.9886184139348696,0.9887163205766261,0.9989403569103568,0.9988634639096444,0.9886184139348696,0.9887163205766261,0.9989403566762552,0.9988634629861519,0.0,0.0,0.0,0.0,0.0,0.0,0.0,0.0,0.0,0.0,0.0,0.0
4,asymmetric,uint8,linear,closed,zero_spline,spline_component,1,1,1,0.9899491507086445,0.9900067768897303,0.9991061054136088,0.9990538477962826,0.9886184139348696,0.9887163205766261,0.9989393163294451,0.9988621728749842,0.9886184139348696,0.9887163205766261,0.9989393198409668,0.9988621815030558,0.0,0.0,0.0,0.0,0.0,0.0,0.0,0.0,0.0,0.0,0.0,0.0
4,asymmetric,uint8,linear,closed,zero_spline,spline_component,256,1,1,0.9899491507086445,0.9900067768897303,0.9991061054136088,0.9990538477962826,0.9886184139348696,0.9887163205766261,0.9989393163294451,0.9988621728749842,0.9886184139348696,0.9887163205766261,0.9989393198409668,0.9988621815030558,0.0,0.0,0.0,0.0,0.0,0.0,0.0,0.0,0.0,0.0,0.0,0.0
4,asymmetric,uint8,linear,half_open,clip_x,spline_component,1,1,1,0.9899491507086445,0.9900067768897303,0.9991061054136088,0.9990538477962826,0.9886184139348696,0.9887163205766261,0.9989403569103568,0.9988634639096443,0.9886184139348696,0.9887163205766261,0.9989403566762555,0.9988634630043961,0.0,0.0,0.0,0.0,0.0,0.0,0.0,0.0,0.0,0.0,0.0,0.0
4,asymmetric,uint8,linear,half_open,clip_x,spline_component,256,1,1,0.9899491507086445,0.9900067768897303,0.9991061054136088,0.9990538477962826,0.9886184139348696,0.9887163205766261,0.9989403569103568,0.9988634639096443,0.9886184139348696,0.9887163205766261,0.9989403566762555,0.9988634630043961,0.0,0.0,0.0,0.0,0.0,0.0,0.0,0.0,0.0,0.0,0.0,0.0
4,asymmetric,uint8,linear,half_open,zero_spline,spline_component,1,1,1,0.9899491507086445,0.9900067768897303,0.9991061054136088,0.9990538477962826,0.9886184139348696,0.9887163205766261,0.9989393163294451,0.9988621728749842,0.9886184139348696,0.9887163205766261,0.9989393198409668,0.9988621815030558,0.0,0.0,0.0,0.0,0.0,0.0,0.0,0.0,0.0,0.0,0.0,0.0
4,asymmetric,uint8,linear,half_open,zero_spline,spline_component,256,1,1,0.9899491507086445,0.9900067768897303,0.9991061054136088,0.9990538477962826,0.9886184139348696,0.9887163205766261,0.9989393163294451,0.9988621728749842,0.9886184139348696,0.9887163205766261,0.9989393198409668,0.9988621815030558,0.0,0.0,0.0,0.0,0.0,0.0,0.0,0.0,0.0,0.0,0.0,0.0
4,symmetric,int8,linear,closed,clip_x,spline_component,1,1,1,0.9899491507086445,0.9900067768897303,0.9991061054136088,0.9990538477962826,0.9886184139348696,0.9887163205766261,0.9989373503455321,0.9988597969634265,0.9886184139348696,0.9887163205766261,0.9989373491750249,0.9988597968872014,0.0,0.0,0.0,0.0,0.0,0.0,0.0,0.0,0.0,0.0,0.0,0.0
4,symmetric,int8,linear,closed,clip_x,spline_component,256,1,1,0.9899491507086445,0.9900067768897303,0.9991061054136088,0.9990538477962826,0.9886184139348696,0.9887163205766261,0.9989373503455321,0.9988597969634265,0.9886184139348696,0.9887163205766261,0.9989373491750249,0.9988597968872014,0.0,0.0,0.0,0.0,0.0,0.0,0.0,0.0,0.0,0.0,0.0,0.0
4,symmetric,int8,linear,closed,zero_spline,spline_component,1,1,1,0.9899491507086445,0.9900067768897303,0.9991061054136088,0.9990538477962826,0.9886184139348696,0.9887163205766261,0.9989368554550826,0.9988591999195945,0.9886184139348696,0.9887163205766261,0.9989368570937929,0.9988592032409912,0.0,0.0,0.0,0.0,0.0,0.0,0.0,0.0,0.0,0.0,0.0,0.0
4,symmetric,int8,linear,closed,zero_spline,spline_component,256,1,1,0.9899491507086445,0.9900067768897303,0.9991061054136088,0.9990538477962826,0.9886184139348696,0.9887163205766261,0.9989368554550826,0.9988591999195945,0.9886184139348696,0.9887163205766261,0.9989368570937929,0.9988592032409912,0.0,0.0,0.0,0.0,0.0,0.0,0.0,0.0,0.0,0.0,0.0,0.0
4,symmetric,int8,linear,half_open,clip_x,spline_component,1,1,1,0.9899491507086445,0.9900067768897303,0.9991061054136088,0.9990538477962826,0.9886184139348696,0.9887163205766261,0.9989373503455321,0.9988597969634265,0.9886184139348696,0.9887163205766261,0.9989373491750249,0.9988597968049431,0.0,0.0,0.0,0.0,0.0,0.0,0.0,0.0,0.0,0.0,0.0,0.0
4,symmetric,int8,linear,half_open,clip_x,spline_component,256,1,1,0.9899491507086445,0.9900067768897303,0.9991061054136088,0.9990538477962826,0.9886184139348696,0.9887163205766261,0.9989373503455321,0.9988597969634265,0.9886184139348696,0.9887163205766261,0.9989373491750249,0.9988597968049431,0.0,0.0,0.0,0.0,0.0,0.0,0.0,0.0,0.0,0.0,0.0,0.0
4,symmetric,int8,linear,half_open,zero_spline,spline_component,1,1,1,0.9899491507086445,0.9900067768897303,0.9991061054136088,0.9990538477962826,0.9886184139348696,0.9887163205766261,0.9989368554550826,0.9988591999195945,0.9886184139348696,0.9887163205766261,0.9989368570937929,0.9988592032409912,0.0,0.0,0.0,0.0,0.0,0.0,0.0,0.0,0.0,0.0,0.0,0.0
4,symmetric,int8,linear,half_open,zero_spline,spline_component,256,1,1,0.9899491507086445,0.9900067768897303,0.9991061054136088,0.9990538477962826,0.9886184139348696,0.9887163205766261,0.9989368554550826,0.9988591999195945,0.9886184139348696,0.9887163205766261,0.9989368570937929,0.9988592032409912,0.0,0.0,0.0,0.0,0.0,0.0,0.0,0.0,0.0,0.0,0.0,0.0
8,asymmetric,uint8,linear,closed,clip_x,spline_component,1,1,1,0.9899491507086445,0.9900067768897303,0.9991061054136088,0.9990538477962826,0.9894839337877313,0.9895584917821463,0.99905284874007,0.9989945011988975,0.9894839337877313,0.9895584917821463,0.9990528482718674,0.9989945011265838,0.0,0.0,0.0,0.0,0.0,0.0,0.0,0.0,0.0,0.0,0.0,0.0
8,asymmetric,uint8,linear,closed,clip_x,spline_component,256,1,1,0.9899491507086445,0.9900067768897303,0.9991061054136088,0.9990538477962826,0.9894839337877313,0.9895584917821463,0.99905284874007,0.9989945011988975,0.9894839337877313,0.9895584917821463,0.9990528482718674,0.9989945011265838,0.0,0.0,0.0,0.0,0.0,0.0,0.0,0.0,0.0,0.0,0.0,0.0
8,asymmetric,uint8,linear,closed,zero_spline,spline_component,1,1,1,0.9899491507086445,0.9900067768897303,0.9991061054136088,0.9990538477962826,0.9894839337877313,0.9895584917821463,0.9990527977059556,0.9989944396683382,0.9894839337877313,0.9895584917821463,0.9990527977059557,0.9989944395820771,0.0,0.0,0.0,0.0,0.0,0.0,0.0,0.0,0.0,0.0,0.0,0.0
8,asymmetric,uint8,linear,closed,zero_spline,spline_component,256,1,1,0.9899491507086445,0.9900067768897303,0.9991061054136088,0.9990538477962826,0.9894839337877313,0.9895584917821463,0.9990527977059556,0.9989944396683382,0.9894839337877313,0.9895584917821463,0.9990527977059557,0.9989944395820771,0.0,0.0,0.0,0.0,0.0,0.0,0.0,0.0,0.0,0.0,0.0,0.0
8,asymmetric,uint8,linear,half_open,clip_x,spline_component,1,1,1,0.9899491507086445,0.9900067768897303,0.9991061054136088,0.9990538477962826,0.9894839337877313,0.9895584917821463,0.99905284874007,0.9989945011988974,0.9894839337877313,0.9895584917821463,0.9990528482718674,0.9989945011265838,0.0,0.0,0.0,0.0,0.0,0.0,0.0,0.0,0.0,0.0,0.0,0.0
8,asymmetric,uint8,linear,half_open,clip_x,spline_component,256,1,1,0.9899491507086445,0.9900067768897303,0.9991061054136088,0.9990538477962826,0.9894839337877313,0.9895584917821463,0.99905284874007,0.9989945011988974,0.9894839337877313,0.9895584917821463,0.9990528482718674,0.9989945011265838,0.0,0.0,0.0,0.0,0.0,0.0,0.0,0.0,0.0,0.0,0.0,0.0
8,asymmetric,uint8,linear,half_open,zero_spline,spline_component,1,1,1,0.9899491507086445,0.9900067768897303,0.9991061054136088,0.9990538477962826,0.9894839337877313,0.9895584917821463,0.9990527977059556,0.9989944396683382,0.9894839337877313,0.9895584917821463,0.9990527977059557,0.9989944395820771,0.0,0.0,0.0,0.0,0.0,0.0,0.0,0.0,0.0,0.0,0.0,0.0
8,asymmetric,uint8,linear,half_open,zero_spline,spline_component,256,1,1,0.9899491507086445,0.9900067768897303,0.9991061054136088,0.9990538477962826,0.9894839337877313,0.9895584917821463,0.9990527977059556,0.9989944396683382,0.9894839337877313,0.9895584917821463,0.9990527977059557,0.9989944395820771,0.0,0.0,0.0,0.0,0.0,0.0,0.0,0.0,0.0,0.0,0.0,0.0
8,symmetric,int8,linear,closed,clip_x,spline_component,1,1,1,0.9899491507086445,0.9900067768897303,0.9991061054136088,0.9990538477962826,0.9894839337877313,0.9895584917821463,0.9990530126110799,0.9989946845983482,0.9894839337877313,0.9895584917821463,0.9990530126110799,0.9989946843348712,0.0,0.0,0.0,0.0,0.0,0.0,0.0,0.0,0.0,0.0,0.0,0.0
8,symmetric,int8,linear,closed,clip_x,spline_component,256,1,1,0.9899491507086445,0.9900067768897303,0.9991061054136088,0.9990538477962826,0.9894839337877313,0.9895584917821463,0.9990530126110799,0.9989946845983482,0.9894839337877313,0.9895584917821463,0.9990530126110799,0.9989946843348712,0.0,0.0,0.0,0.0,0.0,0.0,0.0,0.0,0.0,0.0,0.0,0.0
8,symmetric,int8,linear,closed,zero_spline,spline_component,1,1,1,0.9899491507086445,0.9900067768897303,0.9991061054136088,0.9990538477962826,0.9894839337877313,0.9895584917821463,0.9990530126110799,0.9989946845983482,0.9894839337877313,0.9895584917821463,0.9990530126110799,0.9989946843348712,0.0,0.0,0.0,0.0,0.0,0.0,0.0,0.0,0.0,0.0,0.0,0.0
8,symmetric,int8,linear,closed,zero_spline,spline_component,256,1,1,0.9899491507086445,0.9900067768897303,0.9991061054136088,0.9990538477962826,0.9894839337877313,0.9895584917821463,0.9990530126110799,0.9989946845983482,0.9894839337877313,0.9895584917821463,0.9990530126110799,0.9989946843348712,0.0,0.0,0.0,0.0,0.0,0.0,0.0,0.0,0.0,0.0,0.0,0.0
8,symmetric,int8,linear,half_open,clip_x,spline_component,1,1,1,0.9899491507086445,0.9900067768897303,0.9991061054136088,0.9990538477962826,0.9894839337877313,0.9895584917821463,0.9990530126110799,0.9989946845983482,0.9894839337877313,0.9895584917821463,0.9990530126110799,0.9989946842404038,0.0,0.0,0.0,0.0,0.0,0.0,0.0,0.0,0.0,0.0,0.0,0.0
8,symmetric,int8,linear,half_open,clip_x,spline_component,256,1,1,0.9899491507086445,0.9900067768897303,0.9991061054136088,0.9990538477962826,0.9894839337877313,0.9895584917821463,0.9990530126110799,0.9989946845983482,0.9894839337877313,0.9895584917821463,0.9990530126110799,0.9989946842404038,0.0,0.0,0.0,0.0,0.0,0.0,0.0,0.0,0.0,0.0,0.0,0.0
8,symmetric,int8,linear,half_open,zero_spline,spline_component,1,1,1,0.9899491507086445,0.9900067768897303,0.9991061054136088,0.9990538477962826,0.9894839337877313,0.9895584917821463,0.9990530126110799,0.9989946845983482,0.9894839337877313,0.9895584917821463,0.9990530126110799,0.9989946843348712,0.0,0.0,0.0,0.0,0.0,0.0,0.0,0.0,0.0,0.0,0.0,0.0
8,symmetric,int8,linear,half_open,zero_spline,spline_component,256,1,1,0.9899491507086445,0.9900067768897303,0.9991061054136088,0.9990538477962826,0.9894839337877313,0.9895584917821463,0.9990530126110799,0.9989946845983482,0.9894839337877313,0.9895584917821463,0.9990530126110799,0.9989946843348712,0.0,0.0,0.0,0.0,0.0,0.0,0.0,0.0,0.0,0.0,0.0,0.0
16,asymmetric,uint8,linear,closed,clip_x,spline_component,1,1,1,0.9899491507086445,0.9900067768897303,0.9991061054136088,0.9990538477962826,0.9896029427674996,0.9896701099633456,0.999085922591853,0.9990319009255246,0.9896029427674996,0.9896701099633456,0.999085922591853,0.9990319007042305,0.0,0.0,0.0,0.0,0.0,0.0,0.0,0.0,0.0,0.0,0.0,0.0
16,asymmetric,uint8,linear,closed,clip_x,spline_component,256,1,1,0.9899491507086445,0.9900067768897303,0.9991061054136088,0.9990538477962826,0.9896029427674996,0.9896701099633456,0.999085922591853,0.9990319009255246,0.9896029427674996,0.9896701099633456,0.999085922591853,0.9990319007042305,0.0,0.0,0.0,0.0,0.0,0.0,0.0,0.0,0.0,0.0,0.0,0.0
16,asymmetric,uint8,linear,closed,zero_spline,spline_component,1,1,1,0.9899491507086445,0.9900067768897303,0.9991061054136088,0.9990538477962826,0.9896029427674996,0.9896701099633456,0.9990859366379399,0.9990319135157615,0.9896029427674996,0.9896701099633456,0.9990859366379399,0.9990319135412872,0.0,0.0,0.0,0.0,0.0,0.0,0.0,0.0,0.0,0.0,0.0,0.0
16,asymmetric,uint8,linear,closed,zero_spline,spline_component,256,1,1,0.9899491507086445,0.9900067768897303,0.9991061054136088,0.9990538477962826,0.9896029427674996,0.9896701099633456,0.9990859366379399,0.9990319135157615,0.9896029427674996,0.9896701099633456,0.9990859366379399,0.9990319135412872,0.0,0.0,0.0,0.0,0.0,0.0,0.0,0.0,0.0,0.0,0.0,0.0
16,asymmetric,uint8,linear,half_open,clip_x,spline_component,1,1,1,0.9899491507086445,0.9900067768897303,0.9991061054136088,0.9990538477962826,0.9896029427674996,0.9896701099633456,0.999085922591853,0.9990319009255246,0.9896029427674996,0.9896701099633456,0.999085922591853,0.9990319007042305,0.0,0.0,0.0,0.0,0.0,0.0,0.0,0.0,0.0,0.0,0.0,0.0
16,asymmetric,uint8,linear,half_open,clip_x,spline_component,256,1,1,0.9899491507086445,0.9900067768897303,0.9991061054136088,0.9990538477962826,0.9896029427674996,0.9896701099633456,0.999085922591853,0.9990319009255246,0.9896029427674996,0.9896701099633456,0.999085922591853,0.9990319007042305,0.0,0.0,0.0,0.0,0.0,0.0,0.0,0.0,0.0,0.0,0.0,0.0
16,asymmetric,uint8,linear,half_open,zero_spline,spline_component,1,1,1,0.9899491507086445,0.9900067768897303,0.9991061054136088,0.9990538477962826,0.9896029427674996,0.9896701099633456,0.9990859366379399,0.9990319135157615,0.9896029427674996,0.9896701099633456,0.9990859366379399,0.9990319135412872,0.0,0.0,0.0,0.0,0.0,0.0,0.0,0.0,0.0,0.0,0.0,0.0
16,asymmetric,uint8,linear,half_open,zero_spline,spline_component,256,1,1,0.9899491507086445,0.9900067768897303,0.9991061054136088,0.9990538477962826,0.9896029427674996,0.9896701099633456,0.9990859366379399,0.9990319135157615,0.9896029427674996,0.9896701099633456,0.9990859366379399,0.9990319135412872,0.0,0.0,0.0,0.0,0.0,0.0,0.0,0.0,0.0,0.0,0.0,0.0
16,symmetric,int8,linear,closed,clip_x,spline_component,1,1,1,0.9899491507086445,0.9900067768897303,0.9991061054136088,0.9990538477962826,0.9896029427674996,0.9896701099633456,0.9990867279008151,0.9990328672540946,0.9896029427674996,0.9896701099633456,0.9990867279008151,0.9990328668762254,0.0,0.0,0.0,0.0,0.0,0.0,0.0,0.0,0.0,0.0,0.0,0.0
16,symmetric,int8,linear,closed,clip_x,spline_component,256,1,1,0.9899491507086445,0.9900067768897303,0.9991061054136088,0.9990538477962826,0.9896029427674996,0.9896701099633456,0.9990867279008151,0.9990328672540946,0.9896029427674996,0.9896701099633456,0.9990867279008151,0.9990328668762254,0.0,0.0,0.0,0.0,0.0,0.0,0.0,0.0,0.0,0.0,0.0,0.0
16,symmetric,int8,linear,closed,zero_spline,spline_component,1,1,1,0.9899491507086445,0.9900067768897303,0.9991061054136088,0.9990538477962826,0.9896029427674996,0.9896701099633456,0.9990867279008151,0.9990328672540946,0.9896029427674996,0.9896701099633456,0.9990867279008151,0.9990328668762254,0.0,0.0,0.0,0.0,0.0,0.0,0.0,0.0,0.0,0.0,0.0,0.0
16,symmetric,int8,linear,closed,zero_spline,spline_component,256,1,1,0.9899491507086445,0.9900067768897303,0.9991061054136088,0.9990538477962826,0.9896029427674996,0.9896701099633456,0.9990867279008151,0.9990328672540946,0.9896029427674996,0.9896701099633456,0.9990867279008151,0.9990328668762254,0.0,0.0,0.0,0.0,0.0,0.0,0.0,0.0,0.0,0.0,0.0,0.0
16,symmetric,int8,linear,half_open,clip_x,spline_component,1,1,1,0.9899491507086445,0.9900067768897303,0.9991061054136088,0.9990538477962826,0.9896029427674996,0.9896701099633456,0.9990867279008151,0.9990328672540946,0.9896029427674996,0.9896701099633456,0.9990867279008151,0.9990328668762254,0.0,0.0,0.0,0.0,0.0,0.0,0.0,0.0,0.0,0.0,0.0,0.0
16,symmetric,int8,linear,half_open,clip_x,spline_component,256,1,1,0.9899491507086445,0.9900067768897303,0.9991061054136088,0.9990538477962826,0.9896029427674996,0.9896701099633456,0.9990867279008151,0.9990328672540946,0.9896029427674996,0.9896701099633456,0.9990867279008151,0.9990328668762254,0.0,0.0,0.0,0.0,0.0,0.0,0.0,0.0,0.0,0.0,0.0,0.0
16,symmetric,int8,linear,half_open,zero_spline,spline_component,1,1,1,0.9899491507086445,0.9900067768897303,0.9991061054136088,0.9990538477962826,0.9896029427674996,0.9896701099633456,0.9990867279008151,0.9990328672540946,0.9896029427674996,0.9896701099633456,0.9990867279008151,0.9990328668762254,0.0,0.0,0.0,0.0,0.0,0.0,0.0,0.0,0.0,0.0,0.0,0.0
16,symmetric,int8,linear,half_open,zero_spline,spline_component,256,1,1,0.9899491507086445,0.9900067768897303,0.9991061054136088,0.9990538477962826,0.9896029427674996,0.9896701099633456,0.9990867279008151,0.9990328672540946,0.9896029427674996,0.9896701099633456,0.9990867279008151,0.9990328668762254,0.0,0.0,0.0,0.0,0.0,0.0,0.0,0.0,0.0,0.0,0.0,0.0
32,asymmetric,uint8,linear,closed,clip_x,spline_component,1,1,1,0.9899491507086445,0.9900067768897303,0.9991061054136088,0.9990538477962826,0.9896894947527859,0.9897527983570068,0.9990972133044205,0.999044011952067,0.9896894947527859,0.9897527983570068,0.9990972133044205,0.9990440119404308,0.0,0.0,0.0,0.0,0.0,0.0,0.0,0.0,0.0,0.0,0.0,0.0
32,asymmetric,uint8,linear,closed,clip_x,spline_component,256,1,1,0.9899491507086445,0.9900067768897303,0.9991061054136088,0.9990538477962826,0.9896894947527859,0.9897527983570068,0.9990972133044205,0.999044011952067,0.9896894947527859,0.9897527983570068,0.9990972133044205,0.9990440119404308,0.0,0.0,0.0,0.0,0.0,0.0,0.0,0.0,0.0,0.0,0.0,0.0
32,asymmetric,uint8,linear,closed,zero_spline,spline_component,1,1,1,0.9899491507086445,0.9900067768897303,0.9991061054136088,0.9990538477962826,0.9896894947527859,0.9897527983570068,0.9990972114316088,0.9990440096513415,0.9896894947527859,0.9897527983570068,0.9990972114316088,0.9990440094887326,0.0,0.0,0.0,0.0,0.0,0.0,0.0,0.0,0.0,0.0,0.0,0.0
32,asymmetric,uint8,linear,closed,zero_spline,spline_component,256,1,1,0.9899491507086445,0.9900067768897303,0.9991061054136088,0.9990538477962826,0.9896894947527859,0.9897527983570068,0.9990972114316088,0.9990440096513415,0.9896894947527859,0.9897527983570068,0.9990972114316088,0.9990440094887326,0.0,0.0,0.0,0.0,0.0,0.0,0.0,0.0,0.0,0.0,0.0,0.0
32,asymmetric,uint8,linear,half_open,clip_x,spline_component,1,1,1,0.9899491507086445,0.9900067768897303,0.9991061054136088,0.9990538477962826,0.9896894947527859,0.9897527983570068,0.9990972133044205,0.999044011952067,0.9896894947527859,0.9897527983570068,0.9990972133044205,0.9990440119404308,0.0,0.0,0.0,0.0,0.0,0.0,0.0,0.0,0.0,0.0,0.0,0.0
32,asymmetric,uint8,linear,half_open,clip_x,spline_component,256,1,1,0.9899491507086445,0.9900067768897303,0.9991061054136088,0.9990538477962826,0.9896894947527859,0.9897527983570068,0.9990972133044205,0.999044011952067,0.9896894947527859,0.9897527983570068,0.9990972133044205,0.9990440119404308,0.0,0.0,0.0,0.0,0.0,0.0,0.0,0.0,0.0,0.0,0.0,0.0
32,asymmetric,uint8,linear,half_open,zero_spline,spline_component,1,1,1,0.9899491507086445,0.9900067768897303,0.9991061054136088,0.9990538477962826,0.9896894947527859,0.9897527983570068,0.9990972114316088,0.9990440096513415,0.9896894947527859,0.9897527983570068,0.9990972114316088,0.9990440094887326,0.0,0.0,0.0,0.0,0.0,0.0,0.0,0.0,0.0,0.0,0.0,0.0
32,asymmetric,uint8,linear,half_open,zero_spline,spline_component,256,1,1,0.9899491507086445,0.9900067768897303,0.9991061054136088,0.9990538477962826,0.9896894947527859,0.9897527983570068,0.9990972114316088,0.9990440096513415,0.9896894947527859,0.9897527983570068,0.9990972114316088,0.9990440094887326,0.0,0.0,0.0,0.0,0.0,0.0,0.0,0.0,0.0,0.0,0.0,0.0
32,symmetric,int8,linear,closed,clip_x,spline_component,1,1,1,0.9899491507086445,0.9900067768897303,0.9991061054136088,0.9990538477962826,0.9896894947527859,0.9897527983570068,0.9990969145909799,0.9990436473518178,0.9896894947527859,0.9897527983570068,0.9990969145909802,0.9990436474513974,0.0,0.0,0.0,0.0,0.0,0.0,0.0,0.0,0.0,0.0,0.0,0.0
32,symmetric,int8,linear,closed,clip_x,spline_component,256,1,1,0.9899491507086445,0.9900067768897303,0.9991061054136088,0.9990538477962826,0.9896894947527859,0.9897527983570068,0.9990969145909799,0.9990436473518178,0.9896894947527859,0.9897527983570068,0.9990969145909802,0.9990436474513974,0.0,0.0,0.0,0.0,0.0,0.0,0.0,0.0,0.0,0.0,0.0,0.0
32,symmetric,int8,linear,closed,zero_spline,spline_component,1,1,1,0.9899491507086445,0.9900067768897303,0.9991061054136088,0.9990538477962826,0.9896894947527859,0.9897527983570068,0.9990969145909799,0.9990436473518178,0.9896894947527859,0.9897527983570068,0.9990969145909802,0.9990436474513974,0.0,0.0,0.0,0.0,0.0,0.0,0.0,0.0,0.0,0.0,0.0,0.0
32,symmetric,int8,linear,closed,zero_spline,spline_component,256,1,1,0.9899491507086445,0.9900067768897303,0.9991061054136088,0.9990538477962826,0.9896894947527859,0.9897527983570068,0.9990969145909799,0.9990436473518178,0.9896894947527859,0.9897527983570068,0.9990969145909802,0.9990436474513974,0.0,0.0,0.0,0.0,0.0,0.0,0.0,0.0,0.0,0.0,0.0,0.0
32,symmetric,int8,linear,half_open,clip_x,spline_component,1,1,1,0.9899491507086445,0.9900067768897303,0.9991061054136088,0.9990538477962826,0.9896894947527859,0.9897527983570068,0.9990969145909799,0.9990436473518178,0.9896894947527859,0.9897527983570068,0.9990969145909802,0.9990436474513974,0.0,0.0,0.0,0.0,0.0,0.0,0.0,0.0,0.0,0.0,0.0,0.0
32,symmetric,int8,linear,half_open,clip_x,spline_component,256,1,1,0.9899491507086445,0.9900067768897303,0.9991061054136088,0.9990538477962826,0.9896894947527859,0.9897527983570068,0.9990969145909799,0.9990436473518178,0.9896894947527859,0.9897527983570068,0.9990969145909802,0.9990436474513974,0.0,0.0,0.0,0.0,0.0,0.0,0.0,0.0,0.0,0.0,0.0,0.0
32,symmetric,int8,linear,half_open,zero_spline,spline_component,1,1,1,0.9899491507086445,0.9900067768897303,0.9991061054136088,0.9990538477962826,0.9896894947527859,0.9897527983570068,0.9990969145909799,0.9990436473518178,0.9896894947527859,0.9897527983570068,0.9990969145909802,0.9990436474513974,0.0,0.0,0.0,0.0,0.0,0.0,0.0,0.0,0.0,0.0,0.0,0.0
32,symmetric,int8,linear,half_open,zero_spline,spline_component,256,1,1,0.9899491507086445,0.9900067768897303,0.9991061054136088,0.9990538477962826,0.9896894947527859,0.9897527983570068,0.9990969145909799,0.9990436473518178,0.9896894947527859,0.9897527983570068,0.9990969145909802,0.9990436474513974,0.0,0.0,0.0,0.0,0.0,0.0,0.0,0.0,0.0,0.0,0.0,0.0
64,asymmetric,uint8,linear,closed,clip_x,spline_component,1,1,1,0.9899491507086445,0.9900067768897303,0.9991061054136088,0.9990538477962826,0.9897760467380721,0.9898366332906722,0.9991011429312324,0.99904826447292,0.9897760467380721,0.9898366332906722,0.9991011429312324,0.9990482639045043,0.0,0.0,0.0,0.0,0.0,0.0,0.0,0.0,0.0,0.0,0.0,0.0
64,asymmetric,uint8,linear,closed,clip_x,spline_component,256,1,1,0.9899491507086445,0.9900067768897303,0.9991061054136088,0.9990538477962826,0.9897760467380721,0.9898366332906722,0.9991011429312324,0.99904826447292,0.9897760467380721,0.9898366332906722,0.9991011429312324,0.9990482639045043,0.0,0.0,0.0,0.0,0.0,0.0,0.0,0.0,0.0,0.0,0.0,0.0
64,asymmetric,uint8,linear,closed,zero_spline,spline_component,1,1,1,0.9899491507086445,0.9900067768897303,0.9991061054136088,0.9990538477962826,0.9897760467380721,0.9898366332906722,0.999101143165334,0.9990482640862565,0.9897760467380721,0.9898366332906722,0.9991011429312324,0.9990482639507116,0.0,0.0,0.0,0.0,0.0,0.0,0.0,0.0,0.0,0.0,0.0,0.0
64,asymmetric,uint8,linear,closed,zero_spline,spline_component,256,1,1,0.9899491507086445,0.9900067768897303,0.9991061054136088,0.9990538477962826,0.9897760467380721,0.9898366332906722,0.999101143165334,0.9990482640862565,0.9897760467380721,0.9898366332906722,0.9991011429312324,0.9990482639507116,0.0,0.0,0.0,0.0,0.0,0.0,0.0,0.0,0.0,0.0,0.0,0.0
64,asymmetric,uint8,linear,half_open,clip_x,spline_component,1,1,1,0.9899491507086445,0.9900067768897303,0.9991061054136088,0.9990538477962826,0.9897760467380721,0.9898366332906722,0.9991011429312324,0.99904826447292,0.9897760467380721,0.9898366332906722,0.9991011429312324,0.9990482639045043,0.0,0.0,0.0,0.0,0.0,0.0,0.0,0.0,0.0,0.0,0.0,0.0
64,asymmetric,uint8,linear,half_open,clip_x,spline_component,256,1,1,0.9899491507086445,0.9900067768897303,0.9991061054136088,0.9990538477962826,0.9897760467380721,0.9898366332906722,0.9991011429312324,0.99904826447292,0.9897760467380721,0.9898366332906722,0.9991011429312324,0.9990482639045043,0.0,0.0,0.0,0.0,0.0,0.0,0.0,0.0,0.0,0.0,0.0,0.0
64,asymmetric,uint8,linear,half_open,zero_spline,spline_component,1,1,1,0.9899491507086445,0.9900067768897303,0.9991061054136088,0.9990538477962826,0.9897760467380721,0.9898366332906722,0.999101143165334,0.9990482640862565,0.9897760467380721,0.9898366332906722,0.9991011429312324,0.9990482639507116,0.0,0.0,0.0,0.0,0.0,0.0,0.0,0.0,0.0,0.0,0.0,0.0
64,asymmetric,uint8,linear,half_open,zero_spline,spline_component,256,1,1,0.9899491507086445,0.9900067768897303,0.9991061054136088,0.9990538477962826,0.9897760467380721,0.9898366332906722,0.999101143165334,0.9990482640862565,0.9897760467380721,0.9898366332906722,0.9991011429312324,0.9990482639507116,0.0,0.0,0.0,0.0,0.0,0.0,0.0,0.0,0.0,0.0,0.0,0.0
64,symmetric,int8,linear,closed,clip_x,spline_component,1,1,1,0.9899491507086445,0.9900067768897303,0.9991061054136088,0.9990538477962826,0.9897760467380721,0.9898366332906722,0.9991011284169431,0.9990482391176989,0.9897760467380721,0.9898366332906722,0.9991011284169431,0.999048238779662,0.0,0.0,0.0,0.0,0.0,0.0,0.0,0.0,0.0,0.0,0.0,0.0
64,symmetric,int8,linear,closed,clip_x,spline_component,256,1,1,0.9899491507086445,0.9900067768897303,0.9991061054136088,0.9990538477962826,0.9897760467380721,0.9898366332906722,0.9991011284169431,0.9990482391176989,0.9897760467380721,0.9898366332906722,0.9991011284169431,0.999048238779662,0.0,0.0,0.0,0.0,0.0,0.0,0.0,0.0,0.0,0.0,0.0,0.0
64,symmetric,int8,linear,closed,zero_spline,spline_component,1,1,1,0.9899491507086445,0.9900067768897303,0.9991061054136088,0.9990538477962826,0.9897760467380721,0.9898366332906722,0.9991011284169431,0.9990482391176989,0.9897760467380721,0.9898366332906722,0.9991011284169431,0.999048238779662,0.0,0.0,0.0,0.0,0.0,0.0,0.0,0.0,0.0,0.0,0.0,0.0
64,symmetric,int8,linear,closed,zero_spline,spline_component,256,1,1,0.9899491507086445,0.9900067768897303,0.9991061054136088,0.9990538477962826,0.9897760467380721,0.9898366332906722,0.9991011284169431,0.9990482391176989,0.9897760467380721,0.9898366332906722,0.9991011284169431,0.999048238779662,0.0,0.0,0.0,0.0,0.0,0.0,0.0,0.0,0.0,0.0,0.0,0.0
64,symmetric,int8,linear,half_open,clip_x,spline_component,1,1,1,0.9899491507086445,0.9900067768897303,0.9991061054136088,0.9990538477962826,0.9897760467380721,0.9898366332906722,0.9991011284169431,0.9990482391176989,0.9897760467380721,0.9898366332906722,0.9991011284169431,0.999048238779662,0.0,0.0,0.0,0.0,0.0,0.0,0.0,0.0,0.0,0.0,0.0,0.0
64,symmetric,int8,linear,half_open,clip_x,spline_component,256,1,1,0.9899491507086445,0.9900067768897303,0.9991061054136088,0.9990538477962826,0.9897760467380721,0.9898366332906722,0.9991011284169431,0.9990482391176989,0.9897760467380721,0.9898366332906722,0.9991011284169431,0.999048238779662,0.0,0.0,0.0,0.0,0.0,0.0,0.0,0.0,0.0,0.0,0.0,0.0
64,symmetric,int8,linear,half_open,zero_spline,spline_component,1,1,1,0.9899491507086445,0.9900067768897303,0.9991061054136088,0.9990538477962826,0.9897760467380721,0.9898366332906722,0.9991011284169431,0.9990482391176989,0.9897760467380721,0.9898366332906722,0.9991011284169431,0.999048238779662,0.0,0.0,0.0,0.0,0.0,0.0,0.0,0.0,0.0,0.0,0.0,0.0
64,symmetric,int8,linear,half_open,zero_spline,spline_component,256,1,1,0.9899491507086445,0.9900067768897303,0.9991061054136088,0.9990538477962826,0.9897760467380721,0.9898366332906722,0.9991011284169431,0.9990482391176989,0.9897760467380721,0.9898366332906722,0.9991011284169431,0.999048238779662,0.0,0.0,0.0,0.0,0.0,0.0,0.0,0.0,0.0,0.0,0.0,0.0
128,asymmetric,uint8,linear,closed,clip_x,spline_component,1,1,1,0.9899491507086445,0.9900067768897303,0.9991061054136088,0.9990538477962826,0.9898734177215189,0.9899322362052276,0.99910322315665,0.9990505392629225,0.9898734177215189,0.9899322362052276,0.99910322315665,0.9990505394962301,0.0,0.0,0.0,0.0,0.0,0.0,0.0,0.0,0.0,0.0,0.0,0.0
128,asymmetric,uint8,linear,closed,clip_x,spline_component,256,1,1,0.9899491507086445,0.9900067768897303,0.9991061054136088,0.9990538477962826,0.9898734177215189,0.9899322362052276,0.99910322315665,0.9990505392629225,0.9898734177215189,0.9899322362052276,0.99910322315665,0.9990505394962301,0.0,0.0,0.0,0.0,0.0,0.0,0.0,0.0,0.0,0.0,0.0,0.0
128,asymmetric,uint8,linear,closed,zero_spline,spline_component,1,1,1,0.9899491507086445,0.9900067768897303,0.9991061054136088,0.9990538477962826,0.9898734177215189,0.9899322362052276,0.9991032231566498,0.9990505396587219,0.9898734177215189,0.9899322362052276,0.99910322315665,0.9990505396514948,0.0,0.0,0.0,0.0,0.0,0.0,0.0,0.0,0.0,0.0,0.0,0.0
128,asymmetric,uint8,linear,closed,zero_spline,spline_component,256,1,1,0.9899491507086445,0.9900067768897303,0.9991061054136088,0.9990538477962826,0.9898734177215189,0.9899322362052276,0.9991032231566498,0.9990505396587219,0.9898734177215189,0.9899322362052276,0.99910322315665,0.9990505396514948,0.0,0.0,0.0,0.0,0.0,0.0,0.0,0.0,0.0,0.0,0.0,0.0
128,asymmetric,uint8,linear,half_open,clip_x,spline_component,1,1,1,0.9899491507086445,0.9900067768897303,0.9991061054136088,0.9990538477962826,0.9898734177215189,0.9899322362052276,0.99910322315665,0.9990505392629225,0.9898734177215189,0.9899322362052276,0.99910322315665,0.9990505394962301,0.0,0.0,0.0,0.0,0.0,0.0,0.0,0.0,0.0,0.0,0.0,0.0
128,asymmetric,uint8,linear,half_open,clip_x,spline_component,256,1,1,0.9899491507086445,0.9900067768897303,0.9991061054136088,0.9990538477962826,0.9898734177215189,0.9899322362052276,0.99910322315665,0.9990505392629225,0.9898734177215189,0.9899322362052276,0.99910322315665,0.9990505394962301,0.0,0.0,0.0,0.0,0.0,0.0,0.0,0.0,0.0,0.0,0.0,0.0
128,asymmetric,uint8,linear,half_open,zero_spline,spline_component,1,1,1,0.9899491507086445,0.9900067768897303,0.9991061054136088,0.9990538477962826,0.9898734177215189,0.9899322362052276,0.9991032231566498,0.9990505396587219,0.9898734177215189,0.9899322362052276,0.99910322315665,0.9990505396514948,0.0,0.0,0.0,0.0,0.0,0.0,0.0,0.0,0.0,0.0,0.0,0.0
128,asymmetric,uint8,linear,half_open,zero_spline,spline_component,256,1,1,0.9899491507086445,0.9900067768897303,0.9991061054136088,0.9990538477962826,0.9898734177215189,0.9899322362052276,0.9991032231566498,0.9990505396587219,0.9898734177215189,0.9899322362052276,0.99910322315665,0.9990505396514948,0.0,0.0,0.0,0.0,0.0,0.0,0.0,0.0,0.0,0.0,0.0,0.0
128,symmetric,int8,linear,closed,clip_x,spline_component,1,1,1,0.9899491507086445,0.9900067768897303,0.9991061054136088,0.9990538477962826,0.9898842367196797,0.9899428841872023,0.9991034670903529,0.9990508088975616,0.9898842367196797,0.9899428841872023,0.9991034673244542,0.9990508081527174,0.0,0.0,0.0,0.0,0.0,0.0,0.0,0.0,0.0,0.0,0.0,0.0
128,symmetric,int8,linear,closed,clip_x,spline_component,256,1,1,0.9899491507086445,0.9900067768897303,0.9991061054136088,0.9990538477962826,0.9898842367196797,0.9899428841872023,0.9991034670903529,0.9990508088975616,0.9898842367196797,0.9899428841872023,0.9991034673244542,0.9990508081527174,0.0,0.0,0.0,0.0,0.0,0.0,0.0,0.0,0.0,0.0,0.0,0.0
128,symmetric,int8,linear,closed,zero_spline,spline_component,1,1,1,0.9899491507086445,0.9900067768897303,0.9991061054136088,0.9990538477962826,0.9898842367196797,0.9899428841872023,0.9991034670903529,0.9990508088975616,0.9898842367196797,0.9899428841872023,0.9991034673244542,0.9990508081527174,0.0,0.0,0.0,0.0,0.0,0.0,0.0,0.0,0.0,0.0,0.0,0.0
128,symmetric,int8,linear,closed,zero_spline,spline_component,256,1,1,0.9899491507086445,0.9900067768897303,0.9991061054136088,0.9990538477962826,0.9898842367196797,0.9899428841872023,0.9991034670903529,0.9990508088975616,0.9898842367196797,0.9899428841872023,0.9991034673244542,0.9990508081527174,0.0,0.0,0.0,0.0,0.0,0.0,0.0,0.0,0.0,0.0,0.0,0.0
128,symmetric,int8,linear,half_open,clip_x,spline_component,1,1,1,0.9899491507086445,0.9900067768897303,0.9991061054136088,0.9990538477962826,0.9898842367196797,0.9899428841872023,0.9991034670903529,0.9990508088975616,0.9898842367196797,0.9899428841872023,0.9991034673244542,0.9990508081527174,0.0,0.0,0.0,0.0,0.0,0.0,0.0,0.0,0.0,0.0,0.0,0.0
128,symmetric,int8,linear,half_open,clip_x,spline_component,256,1,1,0.9899491507086445,0.9900067768897303,0.9991061054136088,0.9990538477962826,0.9898842367196797,0.9899428841872023,0.9991034670903529,0.9990508088975616,0.9898842367196797,0.9899428841872023,0.9991034673244542,0.9990508081527174,0.0,0.0,0.0,0.0,0.0,0.0,0.0,0.0,0.0,0.0,0.0,0.0
128,symmetric,int8,linear,half_open,zero_spline,spline_component,1,1,1,0.9899491507086445,0.9900067768897303,0.9991061054136088,0.9990538477962826,0.9898842367196797,0.9899428841872023,0.9991034670903529,0.9990508088975616,0.9898842367196797,0.9899428841872023,0.9991034673244542,0.9990508081527174,0.0,0.0,0.0,0.0,0.0,0.0,0.0,0.0,0.0,0.0,0.0,0.0
128,symmetric,int8,linear,half_open,zero_spline,spline_component,256,1,1,0.9899491507086445,0.9900067768897303,0.9991061054136088,0.9990538477962826,0.9898842367196797,0.9899428841872023,0.9991034670903529,0.9990508088975616,0.9898842367196797,0.9899428841872023,0.9991034673244542,0.9990508081527174,0.0,0.0,0.0,0.0,0.0,0.0,0.0,0.0,0.0,0.0,0.0,0.0
256,asymmetric,uint8,linear,closed,clip_x,spline_component,1,1,1,0.9899491507086445,0.9900067768897303,0.9991061054136088,0.9990538477962826,0.9899058747160014,0.989964180838362,0.9991046020141457,0.9990520478124403,0.9899058747160014,0.989964180838362,0.9991046001413342,0.9990520439079205,0.0,0.0,0.0,0.0,0.0,0.0,0.0,0.0,0.0,0.0,0.0,0.0
256,asymmetric,uint8,linear,closed,clip_x,spline_component,256,1,1,0.9899491507086445,0.9900067768897303,0.9991061054136088,0.9990538477962826,0.9899058747160014,0.989964180838362,0.9991046020141457,0.9990520478124403,0.9899058747160014,0.989964180838362,0.9991046001413342,0.9990520439079205,0.0,0.0,0.0,0.0,0.0,0.0,0.0,0.0,0.0,0.0,0.0,0.0
256,asymmetric,uint8,linear,closed,zero_spline,spline_component,1,1,1,0.9899491507086445,0.9900067768897303,0.9991061054136088,0.9990538477962826,0.9899058747160014,0.989964180838362,0.9991045982685225,0.9990520437314503,0.9899058747160014,0.989964180838362,0.9991045982685225,0.9990520434648898,0.0,0.0,0.0,0.0,0.0,0.0,0.0,0.0,0.0,0.0,0.0,0.0
256,asymmetric,uint8,linear,closed,zero_spline,spline_component,256,1,1,0.9899491507086445,0.9900067768897303,0.9991061054136088,0.9990538477962826,0.9899058747160014,0.989964180838362,0.9991045982685225,0.9990520437314503,0.9899058747160014,0.989964180838362,0.9991045982685225,0.9990520434648898,0.0,0.0,0.0,0.0,0.0,0.0,0.0,0.0,0.0,0.0,0.0,0.0
256,asymmetric,uint8,linear,half_open,clip_x,spline_component,1,1,1,0.9899491507086445,0.9900067768897303,0.9991061054136088,0.9990538477962826,0.9899058747160014,0.989964180838362,0.9991046020141457,0.9990520478124403,0.9899058747160014,0.989964180838362,0.9991046001413342,0.9990520439079205,0.0,0.0,0.0,0.0,0.0,0.0,0.0,0.0,0.0,0.0,0.0,0.0
256,asymmetric,uint8,linear,half_open,clip_x,spline_component,256,1,1,0.9899491507086445,0.9900067768897303,0.9991061054136088,0.9990538477962826,0.9899058747160014,0.989964180838362,0.9991046020141457,0.9990520478124403,0.9899058747160014,0.989964180838362,0.9991046001413342,0.9990520439079205,0.0,0.0,0.0,0.0,0.0,0.0,0.0,0.0,0.0,0.0,0.0,0.0
256,asymmetric,uint8,linear,half_open,zero_spline,spline_component,1,1,1,0.9899491507086445,0.9900067768897303,0.9991061054136088,0.9990538477962826,0.9899058747160014,0.989964180838362,0.9991045982685225,0.9990520437314503,0.9899058747160014,0.989964180838362,0.9991045982685225,0.9990520434648898,0.0,0.0,0.0,0.0,0.0,0.0,0.0,0.0,0.0,0.0,0.0,0.0
256,asymmetric,uint8,linear,half_open,zero_spline,spline_component,256,1,1,0.9899491507086445,0.9900067768897303,0.9991061054136088,0.9990538477962826,0.9899058747160014,0.989964180838362,0.9991045982685225,0.9990520437314503,0.9899058747160014,0.989964180838362,0.9991045982685225,0.9990520434648898,0.0,0.0,0.0,0.0,0.0,0.0,0.0,0.0,0.0,0.0,0.0,0.0
256,symmetric,int8,linear,closed,clip_x,spline_component,1,1,1,0.9899491507086445,0.9900067768897303,0.9991061054136088,0.9990538477962826,0.9898950557178405,0.9899535323982447,0.9991045383385533,0.9990519752559315,0.9898950557178405,0.9899535323982447,0.9991045383385533,0.9990519753034304,0.0,0.0,0.0,0.0,0.0,0.0,0.0,0.0,0.0,0.0,0.0,0.0
256,symmetric,int8,linear,closed,clip_x,spline_component,256,1,1,0.9899491507086445,0.9900067768897303,0.9991061054136088,0.9990538477962826,0.9898950557178405,0.9899535323982447,0.9991045383385533,0.9990519752559315,0.9898950557178405,0.9899535323982447,0.9991045383385533,0.9990519753034304,0.0,0.0,0.0,0.0,0.0,0.0,0.0,0.0,0.0,0.0,0.0,0.0
256,symmetric,int8,linear,closed,zero_spline,spline_component,1,1,1,0.9899491507086445,0.9900067768897303,0.9991061054136088,0.9990538477962826,0.9898950557178405,0.9899535323982447,0.9991045383385533,0.9990519752559315,0.9898950557178405,0.9899535323982447,0.9991045383385533,0.9990519753034304,0.0,0.0,0.0,0.0,0.0,0.0,0.0,0.0,0.0,0.0,0.0,0.0
256,symmetric,int8,linear,closed,zero_spline,spline_component,256,1,1,0.9899491507086445,0.9900067768897303,0.9991061054136088,0.9990538477962826,0.9898950557178405,0.9899535323982447,0.9991045383385533,0.9990519752559315,0.9898950557178405,0.9899535323982447,0.9991045383385533,0.9990519753034304,0.0,0.0,0.0,0.0,0.0,0.0,0.0,0.0,0.0,0.0,0.0,0.0
256,symmetric,int8,linear,half_open,clip_x,spline_component,1,1,1,0.9899491507086445,0.9900067768897303,0.9991061054136088,0.9990538477962826,0.9898950557178405,0.9899535323982447,0.9991045383385533,0.9990519752559315,0.9898950557178405,0.9899535323982447,0.9991045383385533,0.9990519753034304,0.0,0.0,0.0,0.0,0.0,0.0,0.0,0.0,0.0,0.0,0.0,0.0
256,symmetric,int8,linear,half_open,clip_x,spline_component,256,1,1,0.9899491507086445,0.9900067768897303,0.9991061054136088,0.9990538477962826,0.9898950557178405,0.9899535323982447,0.9991045383385533,0.9990519752559315,0.9898950557178405,0.9899535323982447,0.9991045383385533,0.9990519753034304,0.0,0.0,0.0,0.0,0.0,0.0,0.0,0.0,0.0,0.0,0.0,0.0
256,symmetric,int8,linear,half_open,zero_spline,spline_component,1,1,1,0.9899491507086445,0.9900067768897303,0.9991061054136088,0.9990538477962826,0.9898950557178405,0.9899535323982447,0.9991045383385533,0.9990519752559315,0.9898950557178405,0.9899535323982447,0.9991045383385533,0.9990519753034304,0.0,0.0,0.0,0.0,0.0,0.0,0.0,0.0,0.0,0.0,0.0,0.0
256,symmetric,int8,linear,half_open,zero_spline,spline_component,256,1,1,0.9899491507086445,0.9900067768897303,0.9991061054136088,0.9990538477962826,0.9898950557178405,0.9899535323982447,0.9991045383385533,0.9990519752559315,0.9898950557178405,0.9899535323982447,0.9991045383385533,0.9990519753034304,0.0,0.0,0.0,0.0,0.0,0.0,0.0,0.0,0.0,0.0,0.0,0.0
